model,step,loss,rolling_loss,correct,running_accuracy,window_accuracy,category,target_index,name,predicted_category,predicted_index
RNN,1,2.97760009765625,2.97760009765625,0,0.0,0.0,Dutch,3,Kees de Jong,Portuguese,13
RNN,2,2.9602999687194824,2.968950033187866,0,0.0,0.0,Irish,8,Liam Walsh,Portuguese,13
RNN,3,2.806596279144287,2.91483211517334,0,0.0,0.0,Greek,7,Ευάγγελος Παπαδάκης,Portuguese,13
RNN,4,2.8894388675689697,2.9084838032722473,0,0.0,0.0,Dutch,3,Ruben Smit,Greek,7
RNN,5,2.9497790336608887,2.9167428493499754,0,0.0,0.0,Vietnamese,17,Trần Cường,Portuguese,13
RNN,6,2.684223175048828,2.877989570299784,1,0.16666666666666666,0.16666666666666666,Portuguese,13,Jorge Silva,Portuguese,13
RNN,7,2.9052257537841797,2.881880453654698,0,0.14285714285714285,0.14285714285714285,Arabic,0,عمر الخطيب,Portuguese,13
RNN,8,3.0871458053588867,2.9075386226177216,0,0.125,0.125,German,6,Hannah Schneider,English,4
RNN,9,3.030151844024658,2.921162313885159,0,0.1111111111111111,0.1111111111111111,Spanish,16,Miguel Pérez,Portuguese,13
RNN,10,2.902820587158203,2.919328141212463,0,0.1,0.1,Arabic,0,عمر المالكي,English,4
RNN,11,3.0447864532470703,2.9260467767715452,0,0.09090909090909091,0.1,German,6,Wolfgang Hoffmann,Portuguese,13
RNN,12,2.9375767707824707,2.9237744569778443,0,0.08333333333333333,0.1,Vietnamese,17,Huỳnh Hoàng,Portuguese,13
RNN,13,2.7436325550079346,2.917478084564209,0,0.07692307692307693,0.1,Greek,7,Στέφανος Αθανασίου,Portuguese,13
RNN,14,3.0049469470977783,2.9290288925170898,0,0.07142857142857142,0.1,Irish,8,Patrick Murphy,Portuguese,13
RNN,15,2.803445339202881,2.9143955230712892,0,0.06666666666666667,0.1,French,5,Jean-Luc d'Aubigné,Portuguese,13
RNN,16,2.7318062782287598,2.919153833389282,0,0.0625,0.0,Portuguese,13,Rui Oliveira,English,4
RNN,17,2.9907829761505127,2.9277095556259156,0,0.058823529411764705,0.0,Irish,8,Aoife Kelly,Portuguese,13
RNN,18,3.0377933979034424,2.922774314880371,0,0.05555555555555555,0.0,German,6,Maximilian Hoffmann,Portuguese,13
RNN,19,2.9160258769989014,2.9113617181777953,0,0.05263157894736842,0.0,Japanese,10,鈴木翔,Greek,7
RNN,20,2.9011385440826416,2.911193513870239,0,0.05,0.0,Czech,2,Štěpán Černý,Portuguese,13
RNN,21,2.9007925987243652,2.8967941284179686,0,0.047619047619047616,0.0,Dutch,3,Sander van Dijk,French,5
RNN,22,2.900423765182495,2.893078827857971,0,0.045454545454545456,0.0,Korean,11,윤수빈,Portuguese,13
RNN,23,2.960926055908203,2.914808177947998,0,0.043478260869565216,0.0,Irish,8,Brendan Murphy,Portuguese,13
RNN,24,3.0122499465942383,2.915538477897644,0,0.041666666666666664,0.0,Russian,14,Роман Васильев,Portuguese,13
RNN,25,2.880364179611206,2.9232303619384767,0,0.04,0.0,Dutch,3,Finn van Dijk,French,5
RNN,26,2.923975944519043,2.942447328567505,0,0.038461538461538464,0.0,Czech,2,Petr Veselý,Portuguese,13
RNN,27,2.84563946723938,2.9279329776763916,0,0.037037037037037035,0.0,Italian,9,Alessandro Marino,Portuguese,13
RNN,28,2.9829869270324707,2.9224523305892944,0,0.03571428571428571,0.0,Korean,11,윤상현,Portuguese,13
RNN,29,3.0225183963775635,2.9331015825271605,0,0.034482758620689655,0.0,German,6,Hans Hoffmann,Portuguese,13
RNN,30,2.8810994625091553,2.931097674369812,0,0.03333333333333333,0.0,Czech,2,Marek Novák,French,5
RNN,31,2.8174054622650146,2.922758960723877,0,0.03225806451612903,0.0,Greek,7,Ελένη Σταυρίδης,Portuguese,13
RNN,32,2.7577216625213623,2.9084887504577637,0,0.03125,0.0,Italian,9,Alessandro Russo,Portuguese,13
RNN,33,2.7744698524475098,2.8898431301116942,0,0.030303030303030304,0.0,Greek,7,Αλέξανδρος Παπαδάκης,Portuguese,13
RNN,34,2.9438281059265137,2.883000946044922,0,0.029411764705882353,0.0,Polish,12,Wojciech Wójcik,Portuguese,13
RNN,35,2.9874050617218018,2.8937050342559814,0,0.02857142857142857,0.0,Russian,14,Андрей Михайлов,Portuguese,13
RNN,36,2.912973403930664,2.8926047801971437,0,0.027777777777777776,0.0,Korean,11,박지훈,Portuguese,13
RNN,37,2.8942508697509766,2.8974659204483033,0,0.02702702702702703,0.0,Korean,11,정서준,Portuguese,13
RNN,38,3.0154638290405273,2.9007136106491087,0,0.02631578947368421,0.0,German,6,Matthias Schulz,Portuguese,13
RNN,39,2.8998801708221436,2.888449788093567,0,0.02564102564102564,0.0,Irish,8,Aoife O'Connor,Italian,9
RNN,40,2.904284954071045,2.8907683372497557,0,0.025,0.0,Czech,2,Daniel Veselý,Portuguese,13
RNN,41,2.832754135131836,2.892303204536438,0,0.024390243902439025,0.0,French,5,Noël Durand,Portuguese,13
RNN,42,2.728158473968506,2.889346885681152,1,0.047619047619047616,0.1,Greek,7,Δημήτριος Γεωργίου,Greek,7
RNN,43,3.012803554534912,2.9131802558898925,0,0.046511627906976744,0.1,Russian,14,Роман Кузнецов,English,4
RNN,44,2.8745815753936768,2.906255602836609,0,0.045454545454545456,0.1,Irish,8,Conor O'Connor,English,4
RNN,45,2.946894884109497,2.9022045850753786,0,0.044444444444444446,0.1,Vietnamese,17,Lê Phong,Portuguese,13
RNN,46,2.890559434890747,2.8999631881713865,0,0.043478260869565216,0.1,Japanese,10,加藤悠斗,Portuguese,13
RNN,47,3.0516061782836914,2.9156987190246584,0,0.0425531914893617,0.1,Chinese,1,张霞,Portuguese,13
RNN,48,2.993496894836426,2.913502025604248,0,0.041666666666666664,0.1,Chinese,1,陈伟,Portuguese,13
RNN,49,2.939382791519165,2.9174522876739504,0,0.04081632653061224,0.1,Polish,12,Jakub Wójcik,Greek,7
RNN,50,2.884697198867798,2.9154935121536254,0,0.04,0.1,Czech,2,Filip Novotný,Portuguese,13
RNN,51,2.8617286682128906,2.918390965461731,0,0.0392156862745098,0.1,Japanese,10,高橋誠,Portuguese,13
RNN,52,2.866114616394043,2.9321865797042848,0,0.038461538461538464,0.0,Scottish,15,Angus Murray,Portuguese,13
RNN,53,2.971038818359375,2.928010106086731,0,0.03773584905660377,0.0,Russian,14,Павел Петров,Portuguese,13
RNN,54,2.9516613483428955,2.9357180833816527,0,0.037037037037037035,0.0,Irish,8,Michael Kelly,Portuguese,13
RNN,55,2.773385524749756,2.9183671474456787,0,0.03636363636363636,0.0,Greek,7,Μιχάλης Σταυρίδης,Portuguese,13
RNN,56,2.836975574493408,2.913008761405945,0,0.03571428571428571,0.0,Vietnamese,17,Phan Quân,Italian,9
RNN,57,2.8959741592407227,2.897445559501648,0,0.03508771929824561,0.0,Irish,8,Brendan Kennedy,Portuguese,13
RNN,58,2.666858673095703,2.8647817373275757,1,0.05172413793103448,0.1,Portuguese,13,Luís Martins,Portuguese,13
RNN,59,2.9005160331726074,2.86089506149292,0,0.05084745762711865,0.1,Polish,12,Grzegorz Kowalczyk,French,5
RNN,60,2.7292211055755615,2.845347452163696,0,0.05,0.1,Greek,7,Ευάγγελος Παπαδάκης,Portuguese,13
RNN,61,3.03265643119812,2.8624402284622192,0,0.04918032786885246,0.1,Spanish,16,Fernando Sánchez,Portuguese,13
RNN,62,2.9258577823638916,2.868414545059204,0,0.04838709677419355,0.1,Czech,2,Adam Němec,Greek,7
RNN,63,2.983279228210449,2.8696385860443114,0,0.047619047619047616,0.1,Chinese,1,李军,Portuguese,13
RNN,64,2.770218849182129,2.8514943361282348,0,0.046875,0.1,English,4,James Taylor,Italian,9
RNN,65,2.8054115772247314,2.8546969413757326,0,0.046153846153846156,0.1,French,5,Mathieu d'Aubigné,Portuguese,13
RNN,66,2.6541664600372314,2.8364160299301147,1,0.06060606060606061,0.2,Portuguese,13,Diogo Martins,Portuguese,13
RNN,67,2.8540360927581787,2.8322222232818604,0,0.05970149253731343,0.2,Czech,2,Břetislav Černý,Portuguese,13
RNN,68,2.921630859375,2.85769944190979,0,0.058823529411764705,0.1,Polish,12,Grzegorz Zieliński,Portuguese,13
RNN,69,2.9835710525512695,2.8660049438476562,0,0.057971014492753624,0.1,Russian,14,Олег Васильев,Portuguese,13
RNN,70,2.7910852432250977,2.8721913576126097,0,0.05714285714285714,0.1,Irish,8,Patrick Gallagher,English,4
RNN,71,2.9040257930755615,2.859328293800354,0,0.056338028169014086,0.1,Arabic,0,ماجد الشمري,Portuguese,13
RNN,72,2.88222599029541,2.8549651145935058,0,0.05555555555555555,0.1,Dutch,3,Lucas Smit,Greek,7
RNN,73,2.93560528755188,2.8501977205276487,0,0.0547945205479452,0.1,Vietnamese,17,Đặng Long,Portuguese,13
RNN,74,2.8586981296539307,2.859045648574829,0,0.05405405405405406,0.1,Irish,8,Brian Kennedy,Portuguese,13
RNN,75,2.9902470111846924,2.877529191970825,0,0.05333333333333334,0.1,Japanese,10,鈴木蓮,Portuguese,13
RNN,76,2.834811210632324,2.8955936670303344,0,0.05263157894736842,0.0,Italian,9,Luca Romano,Portuguese,13
RNN,77,2.855707883834839,2.8957608461380007,0,0.05194805194805195,0.0,French,5,Noël Richard,Portuguese,13
RNN,78,2.8882663249969482,2.892424392700195,0,0.05128205128205128,0.0,Arabic,0,خالد القحطاني,Irish,8
RNN,79,2.845151662826538,2.8785824537277223,0,0.05063291139240506,0.0,Irish,8,Ronan McCarthy,Portuguese,13
RNN,80,2.813004732131958,2.880774402618408,0,0.05,0.0,French,5,Hugo Durand,Portuguese,13
RNN,81,2.8685414791107178,2.877225971221924,0,0.04938271604938271,0.0,Dutch,3,Jan Smit,Greek,7
RNN,82,2.8405327796936035,2.873056650161743,0,0.04878048780487805,0.0,Italian,9,Carlo Marino,Portuguese,13
RNN,83,3.009502410888672,2.880446362495422,0,0.04819277108433735,0.0,Spanish,16,Pablo Pérez,Irish,8
RNN,84,3.098475456237793,2.9044240951538085,0,0.047619047619047616,0.0,German,6,Hannah Schmidt,Greek,7
RNN,85,2.8457376956939697,2.8899731636047363,0,0.047058823529411764,0.0,Korean,11,임지민,Portuguese,13
RNN,86,2.799678087234497,2.8864598512649535,0,0.046511627906976744,0.0,French,5,Jean-Luc Durand,Portuguese,13
RNN,87,2.9736690521240234,2.898255968093872,0,0.04597701149425287,0.0,Spanish,16,Alejandro García,Greek,7
RNN,88,2.920299768447876,2.901459312438965,0,0.045454545454545456,0.0,Japanese,10,山本裕子,Irish,8
RNN,89,2.9105846881866455,2.9080026149749756,0,0.0449438202247191,0.0,Arabic,0,إبراهيم الخطيب,Irish,8
RNN,90,2.8977251052856445,2.9164746522903444,0,0.044444444444444446,0.0,Korean,11,최예은,Portuguese,13
RNN,91,2.7560250759124756,2.90522301197052,0,0.04395604395604396,0.0,Greek,7,Στέφανος Παπαδόπουλος,Irish,8
RNN,92,2.6733882427215576,2.8885085582733154,1,0.05434782608695652,0.1,Greek,7,Αλέξανδρος Βασιλείου,Greek,7
RNN,93,2.960667848587036,2.883625102043152,0,0.053763440860215055,0.1,Czech,2,Petr Svoboda,Portuguese,13
RNN,94,2.9923501014709473,2.873012566566467,0,0.05319148936170213,0.1,Scottish,15,Stuart MacDonald,Portuguese,13
RNN,95,2.9288978576660156,2.881328582763672,0,0.05263157894736842,0.1,Vietnamese,17,Đặng Phong,Portuguese,13
RNN,96,2.8016529083251953,2.881526064872742,0,0.052083333333333336,0.1,English,4,Matthew Johnson,Portuguese,13
RNN,97,2.939960241317749,2.8781551837921144,0,0.05154639175257732,0.1,Scottish,15,Alasdair Graham,Portuguese,13
RNN,98,2.7996461391448975,2.8660898208618164,0,0.05102040816326531,0.1,French,5,Gabriel Petit,Greek,7
RNN,99,2.9878463745117188,2.873815989494324,0,0.050505050505050504,0.1,Spanish,16,Pablo Pérez,French,5
RNN,100,2.7825303077697754,2.8622965097427366,0,0.05,0.1,Portuguese,13,André Ferreira,English,4
RNN,101,2.8128063678741455,2.867974638938904,0,0.04950495049504951,0.1,Vietnamese,17,Đặng Minh,Portuguese,13
RNN,102,3.0474319458007812,2.9053790092468263,0,0.049019607843137254,0.0,German,6,Klaus Hoffmann,Portuguese,13
RNN,103,2.82677960395813,2.8919901847839355,0,0.04854368932038835,0.0,Italian,9,Antonio Romano,Portuguese,13
RNN,104,2.9050354957580566,2.8832587242126464,0,0.04807692307692308,0.0,Korean,11,강예준,Portuguese,13
RNN,105,3.000947952270508,2.8904637336730956,0,0.047619047619047616,0.0,Spanish,16,Pablo Martínez,Portuguese,13
RNN,106,2.9315013885498047,2.9034485816955566,0,0.04716981132075472,0.0,Dutch,3,Hendrik van den Berg,Irish,8
RNN,107,2.7326159477233887,2.8827141523361206,0,0.04672897196261682,0.0,Greek,7,Μαρία Παπαδόπουλος,Irish,8
RNN,108,2.916799306869507,2.8944294691085815,0,0.046296296296296294,0.0,Japanese,10,佐藤裕子,Greek,7
RNN,109,2.779313564300537,2.8735761880874633,0,0.045871559633027525,0.0,Vietnamese,17,Lê Thành,Portuguese,13
RNN,110,2.711137533187866,2.8664369106292726,1,0.05454545454545454,0.1,Greek,7,Δημήτριος Παπαδόπουλος,Greek,7
RNN,111,2.9187886714935303,2.877035140991211,0,0.05405405405405406,0.1,Czech,2,Petr Němec,Greek,7
RNN,112,3.0535693168640137,2.877648878097534,0,0.05357142857142857,0.1,Chinese,1,张霞,Greek,7
RNN,113,2.8551034927368164,2.8804812669754027,0,0.05309734513274336,0.1,Czech,2,Jiří Novák,Greek,7
RNN,114,2.960392951965332,2.88601701259613,0,0.05263157894736842,0.1,Japanese,10,佐藤健一,Portuguese,13
RNN,115,2.9931979179382324,2.8852420091629027,0,0.05217391304347826,0.1,Spanish,16,Alejandro Rodríguez,Portuguese,13
RNN,116,2.817317008972168,2.873823571205139,0,0.05172413793103448,0.1,Irish,8,Brendan O'Connor,Greek,7
RNN,117,3.017225503921509,2.902284526824951,0,0.05128205128205128,0.1,Scottish,15,Ross MacKenzie,Greek,7
RNN,118,2.7727460861206055,2.887879204750061,0,0.05084745762711865,0.1,Vietnamese,17,Trần Minh,Portuguese,13
RNN,119,3.0143518447875977,2.911383032798767,0,0.05042016806722689,0.1,Scottish,15,Callum Campbell,Portuguese,13
RNN,120,2.8564460277557373,2.9259138822555544,0,0.05,0.0,Scottish,15,Ewan Murray,Greek,7
RNN,121,3.085222005844116,2.942557215690613,0,0.049586776859504134,0.0,German,6,Jürgen Schmidt,Greek,7
RNN,122,2.8569300174713135,2.9228932857513428,0,0.04918032786885246,0.0,Dutch,3,Daan Smit,Greek,7
RNN,123,2.779794931411743,2.9153624296188356,0,0.04878048780487805,0.0,Portuguese,13,Francisco Oliveira,Greek,7
RNN,124,2.6676392555236816,2.8860870599746704,1,0.056451612903225805,0.1,Portuguese,13,Pedro Costa,Portuguese,13
RNN,125,3.016047239303589,2.888371992111206,0,0.056,0.1,Russian,14,Виктор Новиков,Portuguese,13
RNN,126,3.0042307376861572,2.907063364982605,0,0.05555555555555555,0.1,Chinese,1,吴杰,Portuguese,13
RNN,127,2.9324851036071777,2.898589324951172,0,0.05511811023622047,0.1,Dutch,3,Sem de Jong,Portuguese,13
RNN,128,2.91709566116333,2.9130242824554444,0,0.0546875,0.1,Polish,12,Michał Woźniak,Greek,7
RNN,129,2.947833299636841,2.9063724279403687,0,0.05426356589147287,0.1,Japanese,10,鈴木愛,Greek,7
RNN,130,2.6691224575042725,2.8876400709152223,1,0.06153846153846154,0.2,Greek,7,Ανδρέας Γεωργίου,Greek,7
RNN,131,3.121396064758301,2.891257476806641,0,0.061068702290076333,0.2,German,6,Felix Wagner,Greek,7
RNN,132,2.9888718128204346,2.9044516563415526,0,0.06060606060606061,0.2,Russian,14,Олег Петров,Portuguese,13
RNN,133,2.7483508586883545,2.901307249069214,0,0.06015037593984962,0.2,Portuguese,13,Miguel Ferreira,Greek,7
RNN,134,2.7693045139312744,2.911473774909973,0,0.05970149253731343,0.1,Irish,8,Saoirse Doyle,Portuguese,13
RNN,135,2.698906898498535,2.879759740829468,0,0.05925925925925926,0.1,Greek,7,Σοφία Παπαδόπουλος,Portuguese,13
RNN,136,2.9487011432647705,2.874206781387329,0,0.058823529411764705,0.1,Russian,14,Александр Соколов,Irish,8
RNN,137,2.916165828704834,2.8725748538970945,0,0.058394160583941604,0.1,Dutch,3,Joris de Jong,Portuguese,13
RNN,138,2.8660426139831543,2.867469549179077,0,0.057971014492753624,0.1,Vietnamese,17,Nguyễn Dũng,Portuguese,13
RNN,139,2.89911150932312,2.862597370147705,0,0.05755395683453238,0.1,Czech,2,David Němec,Greek,7
RNN,140,2.638458251953125,2.8595309495925902,1,0.06428571428571428,0.1,Greek,7,Ιωάννης Γεωργίου,Greek,7
RNN,141,2.6701536178588867,2.814406704902649,1,0.07092198581560284,0.2,Portuguese,13,Carlos Rodrigues,Portuguese,13
RNN,142,2.972001552581787,2.8127196788787843,0,0.07042253521126761,0.2,Scottish,15,Ross MacKenzie,Greek,7
RNN,143,2.914921998977661,2.829376792907715,0,0.06993006993006994,0.2,Polish,12,Kamil Nowak,Greek,7
RNN,144,2.8310413360595703,2.8355504751205443,0,0.06944444444444445,0.2,French,5,Pierre Robert,Greek,7
RNN,145,2.9537713527679443,2.8610369205474853,0,0.06896551724137931,0.2,Arabic,0,مصطفى الغامدي,Greek,7
RNN,146,2.759756326675415,2.84214243888855,0,0.0684931506849315,0.2,Irish,8,Brian Doyle,Greek,7
RNN,147,2.84480619430542,2.8350064754486084,0,0.06802721088435375,0.2,Italian,9,Gabriele Romano,Portuguese,13
RNN,148,2.850579261779785,2.8334601402282713,0,0.06756756756756757,0.2,Vietnamese,17,Võ Khang,Portuguese,13
RNN,149,2.874453067779541,2.8309942960739134,0,0.06711409395973154,0.2,Scottish,15,Isla MacLeod,Portuguese,13
RNN,150,3.115417718887329,2.878690242767334,0,0.06666666666666667,0.1,German,6,Maximilian Fischer,Greek,7
RNN,151,3.082766056060791,2.9199514865875242,0,0.06622516556291391,0.0,German,6,Friedrich Müller,Greek,7
RNN,152,2.795912504196167,2.9023425817489623,0,0.06578947368421052,0.0,Vietnamese,17,Nguyễn Ngọc,Greek,7
RNN,153,2.8480801582336426,2.8956583976745605,0,0.06535947712418301,0.0,Japanese,10,佐藤誠,Portuguese,13
RNN,154,3.052748441696167,2.9178291082382204,0,0.06493506493506493,0.0,Chinese,1,赵洋,Portuguese,13
RNN,155,2.9325623512268066,2.9157082080841064,0,0.06451612903225806,0.0,Scottish,15,Hamish Fraser,Greek,7
RNN,156,3.013991355895996,2.9411317110061646,0,0.0641025641025641,0.0,Spanish,16,Alejandro González,Portuguese,13
RNN,157,2.959702968597412,2.9526213884353636,0,0.06369426751592357,0.0,Chinese,1,黄勇,Portuguese,13
RNN,158,2.858119249343872,2.9533753871917723,0,0.06329113924050633,0.0,Czech,2,Ondřej Novotný,Portuguese,13
RNN,159,2.8476381301879883,2.950693893432617,0,0.06289308176100629,0.0,Czech,2,David Veselý,Greek,7
RNN,160,2.8267934322357178,2.921831464767456,0,0.0625,0.0,Czech,2,David Horák,Greek,7
RNN,161,2.6369380950927734,2.877248668670654,1,0.06832298136645963,0.1,Greek,7,Νικόλαος Αθανασίου,Greek,7
RNN,162,2.8657472133636475,2.8842321395874024,0,0.06790123456790123,0.1,Dutch,3,Dirk Visser,Greek,7
RNN,163,2.6132028102874756,2.8607444047927855,1,0.0736196319018405,0.2,Greek,7,Βασίλειος Βασιλείου,Greek,7
RNN,164,2.990507125854492,2.8545202732086183,0,0.07317073170731707,0.2,Chinese,1,赵霞,Greek,7
RNN,165,2.9222323894500732,2.8534872770309447,0,0.07272727272727272,0.2,Czech,2,Ondřej Procházka,Portuguese,13
RNN,166,3.023895263671875,2.8544776678085326,0,0.07228915662650602,0.2,Spanish,16,Alejandro López,Portuguese,13
RNN,167,2.8777711391448975,2.8462844848632813,0,0.0718562874251497,0.2,Irish,8,Ciarán O'Brien,Portuguese,13
RNN,168,2.9243404865264893,2.852906608581543,0,0.07142857142857142,0.2,Japanese,10,田中花子,Greek,7
RNN,169,2.745197296142578,2.842662525177002,0,0.07100591715976332,0.2,Irish,8,Patrick Doyle,Greek,7
RNN,170,2.848011016845703,2.8447842836380004,0,0.07058823529411765,0.2,English,4,Daniel Taylor,Greek,7
RNN,171,2.844398260116577,2.8655303001403807,0,0.07017543859649122,0.1,Italian,9,Stefano Romano,Portuguese,13
RNN,172,2.829763412475586,2.8619319200515747,0,0.06976744186046512,0.1,Japanese,10,加藤大輔,Portuguese,13
RNN,173,2.799020767211914,2.8805137157440184,0,0.06936416184971098,0.0,Czech,2,Pavel Novák,Greek,7
RNN,174,2.9582085609436035,2.8772838592529295,0,0.06896551724137931,0.0,Russian,14,Юрий Соколов,Irish,8
RNN,175,2.9085278511047363,2.875913405418396,0,0.06857142857142857,0.0,Dutch,3,Anne de Jong,Portuguese,13
RNN,176,2.830141067504883,2.8565379858016966,0,0.06818181818181818,0.0,Vietnamese,17,Lê Nam,Portuguese,13
RNN,177,2.991441488265991,2.867905020713806,0,0.06779661016949153,0.0,Spanish,16,Francisco Rodríguez,Portuguese,13
RNN,178,2.905078649520874,2.8659788370132446,0,0.06741573033707865,0.0,English,4,Charles Jones,Portuguese,13
RNN,179,2.7929329872131348,2.8707524061203005,0,0.0670391061452514,0.0,Czech,2,Pavel Dvořák,Greek,7
RNN,180,2.9572224617004395,2.881673550605774,0,0.06666666666666667,0.0,Korean,11,최예준,Greek,7
RNN,181,2.8716282844543457,2.884396553039551,0,0.06629834254143646,0.0,French,5,Lucien Richard,Greek,7
RNN,182,2.720243215560913,2.8734445333480836,0,0.06593406593406594,0.0,Vietnamese,17,Đặng Anh,Portuguese,13
RNN,183,2.936401128768921,2.8871825695037843,0,0.06557377049180328,0.0,Italian,9,Riccardo Ricci,Vietnamese,17
RNN,184,2.939345121383667,2.8852962255477905,0,0.06521739130434782,0.0,Spanish,16,Carlos García,Greek,7
RNN,185,2.829392194747925,2.8773826599121093,0,0.06486486486486487,0.0,Vietnamese,17,Phạm Phong,Portuguese,13
RNN,186,2.905280351638794,2.8848965883255007,0,0.06451612903225806,0.0,Dutch,3,Lucas Jansen,Portuguese,13
RNN,187,2.871971368789673,2.8729495763778687,0,0.06417112299465241,0.0,Irish,8,Eoin Kelly,Greek,7
RNN,188,2.8174796104431152,2.8641896724700926,0,0.06382978723404255,0.0,Dutch,3,Thomas Meijer,Greek,7
RNN,189,2.7525181770324707,2.8601481914520264,0,0.06349206349206349,0.0,Vietnamese,17,Trần Tuấn,Portuguese,13
RNN,190,2.8002305030822754,2.84444899559021,0,0.06315789473684211,0.0,Irish,8,Ciarán Walsh,Vietnamese,17
RNN,191,3.033557176589966,2.860641884803772,0,0.06282722513089005,0.0,German,6,Wolfgang Hoffmann,Portuguese,13
RNN,192,2.8555729389190674,2.8741748571395873,0,0.0625,0.0,Japanese,10,高橋大輔,Greek,7
RNN,193,2.8066515922546387,2.861199903488159,0,0.06217616580310881,0.0,Irish,8,Eoin McCarthy,Greek,7
RNN,194,2.9876601696014404,2.8660314083099365,0,0.061855670103092786,0.0,Scottish,15,Ewan Campbell,Portuguese,13
RNN,195,2.9843509197235107,2.881527280807495,0,0.06153846153846154,0.0,Chinese,1,李敏,Portuguese,13
RNN,196,2.782945156097412,2.869293761253357,0,0.061224489795918366,0.0,Portuguese,13,Francisco Pereira,Irish,8
RNN,197,3.006666660308838,2.8827632904052733,0,0.06091370558375635,0.0,Chinese,1,王伟,Portuguese,13
RNN,198,2.8657307624816895,2.8875884056091308,0,0.06060606060606061,0.0,Japanese,10,加藤彩,Portuguese,13
RNN,199,2.839992046356201,2.896335792541504,0,0.06030150753768844,0.0,English,4,Michael Taylor,Irish,8
RNN,200,2.7854361534118652,2.894856357574463,0,0.06,0.0,Irish,8,Patrick O'Brien,Vietnamese,17
RNN,201,2.961855173110962,2.8876861572265624,0,0.05970149253731343,0.0,Russian,14,Алексей Соколов,Irish,8
RNN,202,2.682060718536377,2.8703349351882936,1,0.06435643564356436,0.1,Portuguese,13,Manuel Martins,Portuguese,13
RNN,203,2.9755725860595703,2.8872270345687867,0,0.06403940886699508,0.1,Arabic,0,إبراهيم الخطيب,Irish,8
RNN,204,2.8054795265197754,2.8690089702606203,0,0.06372549019607843,0.1,Czech,2,Matěj Horák,Greek,7
RNN,205,2.897869110107422,2.860360789299011,0,0.06341463414634146,0.1,English,4,J.R. Davis,Portuguese,13
RNN,206,2.958496332168579,2.8779159069061278,0,0.06310679611650485,0.1,Chinese,1,陈涛,Portuguese,13
RNN,207,2.743410587310791,2.851590299606323,0,0.06280193236714976,0.1,Vietnamese,17,Trần Quân,Portuguese,13
RNN,208,2.679640531539917,2.832981276512146,1,0.0673076923076923,0.2,Portuguese,13,Diogo Santos,Portuguese,13
RNN,209,2.95889949798584,2.8448720216751098,0,0.06698564593301436,0.2,Chinese,1,刘霞,Portuguese,13
RNN,210,2.9431493282318115,2.8606433391571047,0,0.06666666666666667,0.2,Korean,11,김서준,Portuguese,13
RNN,211,2.9282655715942383,2.8572843790054323,0,0.06635071090047394,0.2,Korean,11,박지호,Greek,7
RNN,212,2.6153159141540527,2.8506098985671997,1,0.07075471698113207,0.2,Greek,7,Μιχάλης Αλεξίου,Greek,7
RNN,213,2.849876880645752,2.838040328025818,0,0.07042253521126761,0.2,Dutch,3,Thomas van Dijk,Greek,7
RNN,214,2.7456717491149902,2.832059550285339,0,0.07009345794392523,0.2,Vietnamese,17,Huỳnh Đức,Irish,8
RNN,215,2.850619077682495,2.8273345470428466,0,0.06976744186046512,0.2,English,4,James Brown,Vietnamese,17
RNN,216,2.994779586791992,2.830962872505188,0,0.06944444444444445,0.2,French,5,Étienne Thomas,Portuguese,13
RNN,217,2.6932730674743652,2.8259491205215452,1,0.07373271889400922,0.3,Portuguese,13,Miguel Silva,Portuguese,13
RNN,218,2.8633525371551514,2.8443203210830688,0,0.07339449541284404,0.2,French,5,Georges L'Hôpital,Portuguese,13
RNN,219,2.889456033706665,2.8373759746551515,0,0.0730593607305936,0.2,Japanese,10,渡辺裕子,Irish,8
RNN,220,2.634303331375122,2.8064913749694824,1,0.07727272727272727,0.3,Greek,7,Βασίλειος Δημητρίου,Greek,7
RNN,221,2.8074982166290283,2.7944146394729614,0,0.07692307692307693,0.3,French,5,J.-P. d'Aubigné,Portuguese,13
RNN,222,2.8375864028930664,2.816641688346863,0,0.07657657657657657,0.2,Dutch,3,Sophie van Dijk,Greek,7
RNN,223,2.9760756492614746,2.829261565208435,0,0.07623318385650224,0.2,Chinese,1,黄伟,Portuguese,13
RNN,224,2.609247922897339,2.81561918258667,1,0.08035714285714286,0.3,Greek,7,Θεόδωρος Γεωργίου,Greek,7
RNN,225,3.0169851779937744,2.832255792617798,0,0.08,0.3,Russian,14,Евгений Кузнецов,Irish,8
RNN,226,2.974489212036133,2.830226755142212,0,0.07964601769911504,0.3,Italian,9,Vincenzo Ferrari,Vietnamese,17
RNN,227,2.6538991928100586,2.8262893676757814,1,0.08370044052863436,0.3,Greek,7,Παναγιώτης Παπαδόπουλος,Greek,7
RNN,228,3.1378414630889893,2.853738260269165,0,0.08333333333333333,0.3,German,6,Klaus Meyer,Greek,7
RNN,229,2.8600873947143555,2.850801396369934,0,0.08296943231441048,0.3,Japanese,10,田中陽子,Greek,7
RNN,230,2.8481314182281494,2.8721842050552366,0,0.08260869565217391,0.2,Czech,2,Štěpán Němec,Greek,7
RNN,231,2.8306028842926025,2.8744946718215942,0,0.08225108225108226,0.2,Irish,8,Eoin O'Sullivan,Portuguese,13
RNN,232,2.981942653656006,2.8889302968978883,0,0.08189655172413793,0.2,Spanish,16,Carlos Martínez,Greek,7
RNN,233,2.7393178939819336,2.865254521369934,0,0.0815450643776824,0.2,Vietnamese,17,Hoàng Đức,Irish,8
RNN,234,2.985257625579834,2.9028554916381837,0,0.0811965811965812,0.1,Arabic,0,عبدالله الخطيب,Irish,8
RNN,235,2.776470184326172,2.8788039922714233,0,0.08085106382978724,0.1,Irish,8,Declan O'Brien,Vietnamese,17
RNN,236,2.763171911239624,2.8576722621917723,0,0.08050847457627118,0.1,Irish,8,Eoin Murphy,Greek,7
RNN,237,2.8232455253601074,2.874606895446777,0,0.08016877637130802,0.0,Dutch,3,Joris Visser,Greek,7
RNN,238,2.757006883621216,2.8365234375,0,0.07983193277310924,0.0,Portuguese,13,Jorge Oliveira,Irish,8
RNN,239,2.8827247619628906,2.8387871742248536,0,0.0794979079497908,0.0,Japanese,10,渡辺陽子,Irish,8
RNN,240,2.94918155670166,2.8488921880722047,0,0.07916666666666666,0.0,Spanish,16,Jorge Fernández,Irish,8
RNN,241,2.994385004043579,2.865270400047302,0,0.07883817427385892,0.0,Polish,12,Marcin Zieliński,Vietnamese,17
RNN,242,3.1336829662323,2.8804444313049316,0,0.07851239669421488,0.0,German,6,Dieter Fischer,Irish,8
RNN,243,2.9449281692504883,2.9010054588317873,0,0.07818930041152264,0.0,Chinese,1,周芳,Irish,8
RNN,244,2.6783573627471924,2.870315432548523,1,0.08196721311475409,0.1,Portuguese,13,João Silva,Portuguese,13
RNN,245,2.9234817028045654,2.885016584396362,0,0.08163265306122448,0.1,Spanish,16,Rafael Sánchez,Irish,8
RNN,246,3.0970067977905273,2.9184000730514525,0,0.08130081300813008,0.1,German,6,Johannes Weber,Irish,8
RNN,247,2.656522274017334,2.9017277479171755,1,0.08502024291497975,0.2,Portuguese,13,Filipe Silva,Portuguese,13
RNN,248,2.842215061187744,2.910248565673828,0,0.0846774193548387,0.2,Japanese,10,中村さくら,Portuguese,13
RNN,249,2.761890411376953,2.8981651306152343,0,0.08433734939759036,0.2,Japanese,10,小林美咲,Vietnamese,17
RNN,250,2.8014116287231445,2.883388137817383,0,0.084,0.2,Dutch,3,Johan Meijer,Greek,7
RNN,251,2.834545135498047,2.8674041509628294,0,0.08366533864541832,0.2,Italian,9,Giovanni Colombo,Irish,8
RNN,252,2.876354455947876,2.8416712999343874,0,0.08333333333333333,0.2,Italian,9,Lorenzo Marino,Portuguese,13
RNN,253,2.6968953609466553,2.816868019104004,1,0.08695652173913043,0.3,Portuguese,13,Manuel Oliveira,Portuguese,13
RNN,254,2.9738574028015137,2.846418023109436,0,0.08661417322834646,0.2,Polish,12,Zbigniew Szymański,Portuguese,13
RNN,255,2.9416112899780273,2.848230981826782,0,0.08627450980392157,0.2,Italian,9,Andrea Ricci,Portuguese,13
RNN,256,2.932565450668335,2.831786847114563,0,0.0859375,0.2,English,4,Charles Williams,Portuguese,13
RNN,257,2.674687385559082,2.833603358268738,1,0.08949416342412451,0.2,Portuguese,13,Francisco Jesus,Portuguese,13
RNN,258,2.954586982727051,2.8448405504226684,0,0.08914728682170543,0.2,Polish,12,Adam Szymański,Portuguese,13
RNN,259,2.9846580028533936,2.8671173095703124,0,0.0888030888030888,0.2,French,5,Pierre Dubois,Portuguese,13
RNN,260,2.8362066745758057,2.8705968141555784,0,0.08846153846153847,0.2,Italian,9,Carlo Romano,Portuguese,13
RNN,261,2.7043089866638184,2.8575731992721556,0,0.08812260536398467,0.2,Vietnamese,17,Nguyễn Anh,Portuguese,13
RNN,262,2.7987682819366455,2.8498145818710325,0,0.08778625954198473,0.2,Italian,9,Matteo Esposito,Portuguese,13
RNN,263,3.089951753616333,2.8891202211380005,0,0.08745247148288973,0.1,German,6,Christian Meyer,Greek,7
RNN,264,2.801675796508789,2.871902060508728,0,0.08712121212121213,0.1,Japanese,10,渡辺さくら,Portuguese,13
RNN,265,2.9883875846862793,2.876579689979553,0,0.08679245283018867,0.1,Russian,14,Михаил Попов,Irish,8
RNN,266,3.0640618801116943,2.8897293329238893,0,0.08646616541353383,0.1,German,6,Christian Wagner,Greek,7
RNN,267,3.0336902141571045,2.9256296157836914,0,0.08614232209737828,0.0,Scottish,15,Hamish Robertson,Portuguese,13
RNN,268,2.813009262084961,2.9114718437194824,0,0.08582089552238806,0.0,French,5,Georges d'Aubigné,Portuguese,13
RNN,269,2.807926893234253,2.8937987327575683,0,0.08550185873605948,0.0,Czech,2,David Dvořák,Greek,7
RNN,270,2.943655014038086,2.904543566703796,0,0.08518518518518518,0.0,Spanish,16,Jorge Gómez,Portuguese,13
RNN,271,2.8147809505462646,2.915590763092041,0,0.08487084870848709,0.0,Japanese,10,鈴木直子,Portuguese,13
RNN,272,2.6013402938842773,2.895847964286804,1,0.08823529411764706,0.1,Greek,7,Σπυρίδων Αλεξίου,Greek,7
RNN,273,2.92746901512146,2.879599690437317,0,0.08791208791208792,0.1,Italian,9,Stefano Ferrari,Portuguese,13
RNN,274,3.017488479614258,2.901180958747864,0,0.08759124087591241,0.1,German,6,Felix Schmidt,Greek,7
RNN,275,2.9422380924224854,2.8965660095214845,0,0.08727272727272728,0.1,Arabic,0,طارق الحداد,Greek,7
RNN,276,2.6093943119049072,2.8510992527008057,1,0.09057971014492754,0.2,Greek,7,Δημήτριος Κωνσταντίνου,Greek,7
RNN,277,2.925673007965088,2.840297532081604,0,0.09025270758122744,0.2,Czech,2,Matěj Procházka,Portuguese,13
RNN,278,2.666534185409546,2.8256500244140623,1,0.09352517985611511,0.3,Portuguese,13,José Jesus,Portuguese,13
RNN,279,2.964695692062378,2.841326904296875,0,0.0931899641577061,0.3,German,6,Wolfgang Hoffmann,Portuguese,13
RNN,280,2.943009376525879,2.8412623405456543,0,0.09285714285714286,0.3,Polish,12,Michał Lewandowski,Portuguese,13
RNN,281,2.9401297569274902,2.8537972211837768,0,0.09252669039145907,0.3,Polish,12,Andrzej Wójcik,Portuguese,13
RNN,282,2.8585925102233887,2.879522442817688,0,0.09219858156028368,0.2,English,4,Joseph Taylor,Portuguese,13
RNN,283,2.9456629753112793,2.88134183883667,0,0.09187279151943463,0.2,Arabic,0,كريم القحطاني,Portuguese,13
RNN,284,2.8112146854400635,2.8607144594192504,0,0.09154929577464789,0.2,Dutch,3,Lotte Meijer,Greek,7
RNN,285,2.6631925106048584,2.832809901237488,1,0.09473684210526316,0.3,Portuguese,13,Bruno Ferreira,Portuguese,13
RNN,286,2.8043735027313232,2.8523078203201293,0,0.0944055944055944,0.2,French,5,Jean-Luc d'Aubigné,Portuguese,13
RNN,287,2.9690513610839844,2.856645655632019,0,0.09407665505226481,0.2,Spanish,16,Sergio Martínez,Portuguese,13
RNN,288,2.960681200027466,2.886060357093811,0,0.09375,0.1,Chinese,1,赵娜,Portuguese,13
RNN,289,2.6619558334350586,2.855786371231079,0,0.09342560553633218,0.1,Greek,7,Θεόδωρος Παπαδάκης,Portuguese,13
RNN,290,3.000605344772339,2.861545968055725,0,0.09310344827586207,0.1,Russian,14,Николай Петров,Portuguese,13
RNN,291,2.9691641330718994,2.864449405670166,0,0.09278350515463918,0.1,Russian,14,Иван Михайлов,Portuguese,13
RNN,292,2.9240283966064453,2.8709929943084718,0,0.09246575342465753,0.1,Spanish,16,Daniel Pérez,Portuguese,13
RNN,293,2.7860965728759766,2.8550363540649415,0,0.09215017064846416,0.1,Japanese,10,加藤京子,Portuguese,13
RNN,294,2.932997941970825,2.8672146797180176,0,0.09183673469387756,0.1,Russian,14,Павел Соколов,Portuguese,13
RNN,295,2.9348483085632324,2.894380259513855,0,0.09152542372881356,0.0,Spanish,16,Jorge Martínez,Portuguese,13
RNN,296,2.8098387718200684,2.8949267864227295,0,0.09121621621621621,0.0,Vietnamese,17,Huỳnh Nam,Portuguese,13
RNN,297,2.8544576168060303,2.883467411994934,0,0.09090909090909091,0.0,French,5,Jules L'Hôpital,Portuguese,13
RNN,298,2.9174258708953857,2.8791418790817263,0,0.09060402684563758,0.0,Scottish,15,Rory Murray,Portuguese,13
RNN,299,2.86482834815979,2.899429130554199,0,0.0903010033444816,0.0,Irish,8,Ciarán Kennedy,Portuguese,13
RNN,300,2.567096471786499,2.8560782432556153,1,0.09333333333333334,0.1,Greek,7,Νικόλαος Αλεξίου,Greek,7
LSTM,1,2.982448101043701,2.982448101043701,0,0.0,0.0,Dutch,3,Kees de Jong,Irish,8
LSTM,2,2.792438268661499,2.8874431848526,0,0.0,0.0,Irish,8,Liam Walsh,Russian,14
LSTM,3,2.857706308364868,2.877530892690023,0,0.0,0.0,Greek,7,Ευάγγελος Παπαδάκης,Irish,8
LSTM,4,2.9898128509521484,2.905601382255554,0,0.0,0.0,Dutch,3,Ruben Smit,Russian,14
LSTM,5,2.9140851497650146,2.907298135757446,0,0.0,0.0,Vietnamese,17,Trần Cường,Irish,8
LSTM,6,2.9203908443450928,2.909480253855387,0,0.0,0.0,Portuguese,13,Jorge Silva,Irish,8
LSTM,7,2.838926076889038,2.8994010857173373,0,0.0,0.0,Arabic,0,عمر الخطيب,Irish,8
LSTM,8,2.7970311641693115,2.8866048455238342,0,0.0,0.0,German,6,Hannah Schneider,Irish,8
LSTM,9,2.956759214401245,2.894399775399102,0,0.0,0.0,Spanish,16,Miguel Pérez,Russian,14
LSTM,10,2.819427967071533,2.886902594566345,0,0.0,0.0,Arabic,0,عمر المالكي,Irish,8
LSTM,11,2.773766040802002,2.8660343885421753,1,0.09090909090909091,0.1,German,6,Wolfgang Hoffmann,German,6
LSTM,12,2.9121387004852295,2.8780044317245483,0,0.08333333333333333,0.1,Vietnamese,17,Huỳnh Hoàng,Irish,8
LSTM,13,2.839505910873413,2.8761843919754027,0,0.07692307692307693,0.1,Greek,7,Στέφανος Αθανασίου,German,6
LSTM,14,2.7904412746429443,2.8562472343444822,0,0.07142857142857142,0.1,Irish,8,Patrick Murphy,Russian,14
LSTM,15,2.9552180767059326,2.860360527038574,0,0.06666666666666667,0.1,French,5,Jean-Luc d'Aubigné,Irish,8
LSTM,16,2.923595428466797,2.8606809854507445,0,0.0625,0.1,Portuguese,13,Rui Oliveira,Irish,8
LSTM,17,2.761898994445801,2.8529782772064207,1,0.11764705882352941,0.2,Irish,8,Aoife Kelly,Irish,8
LSTM,18,2.769141674041748,2.8501893281936646,1,0.16666666666666666,0.3,German,6,Maximilian Hoffmann,German,6
LSTM,19,2.9379379749298096,2.848307204246521,0,0.15789473684210525,0.3,Japanese,10,鈴木翔,German,6
LSTM,20,2.988053798675537,2.8651697874069213,0,0.15,0.3,Czech,2,Štěpán Černý,Irish,8
LSTM,21,2.9929111003875732,2.8870842933654783,0,0.14285714285714285,0.2,Dutch,3,Sander van Dijk,Irish,8
LSTM,22,2.8954267501831055,2.885413098335266,0,0.13636363636363635,0.2,Korean,11,윤수빈,Irish,8
LSTM,23,2.7792694568634033,2.879389452934265,0,0.13043478260869565,0.2,Irish,8,Brendan Murphy,Russian,14
LSTM,24,2.799783229827881,2.880323648452759,0,0.125,0.2,Russian,14,Роман Васильев,Irish,8
LSTM,25,2.986851930618286,2.883487033843994,0,0.12,0.2,Dutch,3,Finn van Dijk,Irish,8
LSTM,26,2.9749984741210938,2.8886273384094237,0,0.11538461538461539,0.2,Czech,2,Petr Veselý,Irish,8
LSTM,27,2.9157233238220215,2.904009771347046,0,0.1111111111111111,0.1,Italian,9,Alessandro Marino,Irish,8
LSTM,28,2.8814141750335693,2.915237021446228,0,0.10714285714285714,0.0,Korean,11,윤상현,Russian,14
LSTM,29,2.76692533493042,2.898135757446289,1,0.13793103448275862,0.1,German,6,Hans Hoffmann,German,6
LSTM,30,2.985719919204712,2.8979023694992065,0,0.13333333333333333,0.1,Czech,2,Marek Novák,Irish,8
LSTM,31,2.8461997509002686,2.8832312345504763,0,0.12903225806451613,0.1,Greek,7,Ελένη Σταυρίδης,Irish,8
LSTM,32,2.911147117614746,2.8848032712936402,0,0.125,0.1,Italian,9,Alessandro Russo,Irish,8
LSTM,33,2.8483920097351074,2.8917155265808105,0,0.12121212121212122,0.1,Greek,7,Αλέξανδρος Παπαδάκης,Irish,8
LSTM,34,2.9886770248413086,2.9106049060821535,0,0.11764705882352941,0.1,Polish,12,Wojciech Wójcik,Irish,8
LSTM,35,2.7932252883911133,2.891242241859436,0,0.11428571428571428,0.1,Russian,14,Андрей Михайлов,Irish,8
LSTM,36,2.86745023727417,2.8804874181747437,0,0.1111111111111111,0.1,Korean,11,박지훈,German,6
LSTM,37,2.8719980716705322,2.8761148929595945,0,0.10810810810810811,0.1,Korean,11,정서준,Irish,8
LSTM,38,2.791355848312378,2.8671090602874756,0,0.10526315789473684,0.1,German,6,Matthias Schulz,Irish,8
LSTM,39,2.7538366317749023,2.8658001899719237,1,0.1282051282051282,0.1,Irish,8,Aoife O'Connor,Irish,8
LSTM,40,2.966102361679077,2.8638384342193604,0,0.125,0.1,Czech,2,Daniel Veselý,Irish,8
LSTM,41,2.957087516784668,2.8749272108078,0,0.12195121951219512,0.1,French,5,Noël Durand,Irish,8
LSTM,42,2.8289527893066406,2.86670777797699,0,0.11904761904761904,0.1,Greek,7,Δημήτριος Γεωργίου,Irish,8
LSTM,43,2.7907540798187256,2.8609439849853517,0,0.11627906976744186,0.1,Russian,14,Роман Кузнецов,Irish,8
LSTM,44,2.7487571239471436,2.836951994895935,1,0.13636363636363635,0.2,Irish,8,Conor O'Connor,Irish,8
LSTM,45,2.916078805923462,2.84923734664917,0,0.13333333333333333,0.2,Vietnamese,17,Lê Phong,Irish,8
LSTM,46,2.9535059928894043,2.8578429222106934,0,0.13043478260869565,0.2,Japanese,10,加藤悠斗,Irish,8
LSTM,47,2.8920295238494873,2.859846067428589,0,0.1276595744680851,0.2,Chinese,1,张霞,Irish,8
LSTM,48,2.8673558235168457,2.8674460649490356,0,0.125,0.2,Chinese,1,陈伟,Irish,8
LSTM,49,2.9861085414886475,2.8906732559204102,0,0.12244897959183673,0.1,Polish,12,Jakub Wójcik,Irish,8
LSTM,50,2.958322048187256,2.889895224571228,0,0.12,0.1,Czech,2,Filip Novotný,Irish,8
LSTM,51,2.9337880611419678,2.887565279006958,0,0.11764705882352941,0.1,Japanese,10,高橋誠,Russian,14
LSTM,52,2.9159812927246094,2.896268129348755,0,0.11538461538461539,0.1,Scottish,15,Angus Murray,Russian,14
LSTM,53,2.7857301235198975,2.8957657337188722,0,0.11320754716981132,0.1,Russian,14,Павел Петров,Irish,8
LSTM,54,2.7491660118103027,2.895806622505188,1,0.12962962962962962,0.1,Irish,8,Michael Kelly,Irish,8
LSTM,55,2.834782361984253,2.887676978111267,0,0.12727272727272726,0.1,Greek,7,Μιχάλης Σταυρίδης,Irish,8
LSTM,56,2.9322474002838135,2.885551118850708,0,0.125,0.1,Vietnamese,17,Phan Quân,Irish,8
LSTM,57,2.7575767040252686,2.872105836868286,1,0.14035087719298245,0.2,Irish,8,Brendan Kennedy,Irish,8
LSTM,58,2.943699359893799,2.8797401905059816,0,0.13793103448275862,0.2,Portuguese,13,Luís Martins,Irish,8
LSTM,59,2.9839017391204834,2.879519510269165,0,0.13559322033898305,0.2,Polish,12,Grzegorz Kowalczyk,Irish,8
LSTM,60,2.8381741046905518,2.8675047159194946,0,0.13333333333333333,0.2,Greek,7,Ευάγγελος Παπαδάκης,Irish,8
LSTM,61,2.973611354827881,2.871487045288086,0,0.13114754098360656,0.2,Spanish,16,Fernando Sánchez,Irish,8
LSTM,62,2.9572041034698486,2.8756093263626097,0,0.12903225806451613,0.2,Czech,2,Adam Němec,Irish,8
LSTM,63,2.898343324661255,2.8868706464767455,0,0.12698412698412698,0.2,Chinese,1,李军,Russian,14
LSTM,64,2.8557963371276855,2.897533679008484,0,0.125,0.1,English,4,James Taylor,Irish,8
LSTM,65,2.9588265419006348,2.909938097000122,0,0.12307692307692308,0.1,French,5,Mathieu d'Aubigné,Irish,8
LSTM,66,2.9389779567718506,2.910611152648926,0,0.12121212121212122,0.1,Portuguese,13,Diogo Martins,Irish,8
LSTM,67,2.962733507156372,2.931126832962036,0,0.11940298507462686,0.0,Czech,2,Břetislav Černý,Irish,8
LSTM,68,2.978172779083252,2.9345741748809813,0,0.11764705882352941,0.0,Polish,12,Grzegorz Zieliński,Irish,8
LSTM,69,2.7908313274383545,2.9152671337127685,0,0.11594202898550725,0.0,Russian,14,Олег Васильев,Irish,8
LSTM,70,2.748685121536255,2.9063182353973387,1,0.12857142857142856,0.1,Irish,8,Patrick Gallagher,Irish,8
LSTM,71,2.845135450363159,2.8934706449508667,0,0.1267605633802817,0.1,Arabic,0,ماجد الشمري,Irish,8
LSTM,72,2.992626667022705,2.8970129013061525,0,0.125,0.1,Dutch,3,Lucas Smit,Irish,8
LSTM,73,2.912078380584717,2.8983864068984984,0,0.1232876712328767,0.1,Vietnamese,17,Đặng Long,Irish,8
LSTM,74,2.750582218170166,2.8878649950027464,1,0.13513513513513514,0.2,Irish,8,Brian Kennedy,Irish,8
LSTM,75,2.941908121109009,2.886173152923584,0,0.13333333333333333,0.2,Japanese,10,鈴木蓮,Irish,8
LSTM,76,2.917504072189331,2.884025764465332,0,0.13157894736842105,0.2,Italian,9,Luca Romano,Irish,8
LSTM,77,2.9457457065582275,2.8823269844055175,0,0.12987012987012986,0.2,French,5,Noël Richard,Irish,8
LSTM,78,2.8348565101623535,2.867995357513428,0,0.1282051282051282,0.2,Arabic,0,خالد القحطاني,Irish,8
LSTM,79,2.7436373233795166,2.863275957107544,1,0.13924050632911392,0.3,Irish,8,Ronan McCarthy,Irish,8
LSTM,80,2.949650287628174,2.8833724737167357,0,0.1375,0.2,French,5,Hugo Durand,Irish,8
LSTM,81,2.988844633102417,2.8977433919906614,0,0.13580246913580246,0.2,Dutch,3,Jan Smit,Irish,8
LSTM,82,2.915282726287842,2.8900089979171755,0,0.13414634146341464,0.2,Italian,9,Carlo Marino,Irish,8
LSTM,83,2.9676709175109863,2.8955682516098022,0,0.13253012048192772,0.2,Spanish,16,Pablo Pérez,Irish,8
LSTM,84,2.796611785888672,2.9001712083816527,0,0.13095238095238096,0.1,German,6,Hannah Schmidt,Irish,8
LSTM,85,2.8828680515289307,2.894267201423645,0,0.12941176470588237,0.1,Korean,11,임지민,Irish,8
LSTM,86,2.9449284076690674,2.8970096349716186,0,0.12790697674418605,0.1,French,5,Jean-Luc Durand,Irish,8
LSTM,87,2.9736697673797607,2.899802041053772,0,0.12643678160919541,0.1,Spanish,16,Alejandro García,Irish,8
LSTM,88,2.9320003986358643,2.909516429901123,0,0.125,0.1,Japanese,10,山本裕子,Irish,8
LSTM,89,2.8427186012268066,2.919424557685852,0,0.12359550561797752,0.0,Arabic,0,إبراهيم الخطيب,Irish,8
LSTM,90,2.872143507003784,2.911673879623413,0,0.12222222222222222,0.0,Korean,11,최예은,Irish,8
LSTM,91,2.8402445316314697,2.8968138694763184,0,0.12087912087912088,0.0,Greek,7,Στέφανος Παπαδόπουλος,Irish,8
LSTM,92,2.816380739212036,2.886923670768738,0,0.11956521739130435,0.0,Greek,7,Αλέξανδρος Βασιλείου,Irish,8
LSTM,93,2.9677019119262695,2.886926770210266,0,0.11827956989247312,0.0,Czech,2,Petr Svoboda,Irish,8
LSTM,94,2.909348964691162,2.8982004880905152,0,0.11702127659574468,0.0,Scottish,15,Stuart MacDonald,Irish,8
LSTM,95,2.9135661125183105,2.901270294189453,0,0.11578947368421053,0.0,Vietnamese,17,Đặng Phong,Irish,8
LSTM,96,2.900858163833618,2.896863269805908,0,0.11458333333333333,0.0,English,4,Matthew Johnson,Irish,8
LSTM,97,2.903857707977295,2.8898820638656617,0,0.1134020618556701,0.0,Scottish,15,Alasdair Graham,Irish,8
LSTM,98,2.942261219024658,2.890908145904541,0,0.11224489795918367,0.0,French,5,Gabriel Petit,Irish,8
LSTM,99,2.9597256183624268,2.902608847618103,0,0.1111111111111111,0.0,Spanish,16,Pablo Pérez,Irish,8
LSTM,100,2.9353489875793457,2.908929395675659,0,0.11,0.0,Portuguese,13,André Ferreira,Irish,8
LSTM,101,2.929307460784912,2.9178356885910035,0,0.10891089108910891,0.0,Vietnamese,17,Đặng Minh,Irish,8
LSTM,102,2.7773916721343994,2.9139367818832396,0,0.10784313725490197,0.0,German,6,Klaus Hoffmann,Irish,8
LSTM,103,2.913421154022217,2.9085087060928343,0,0.10679611650485436,0.0,Italian,9,Antonio Romano,Irish,8
LSTM,104,2.86873459815979,2.9044472694396974,0,0.10576923076923077,0.0,Korean,11,강예준,Irish,8
LSTM,105,2.9637231826782227,2.9094629764556883,0,0.10476190476190476,0.0,Spanish,16,Pablo Martínez,Irish,8
LSTM,106,2.992600679397583,2.918637228012085,0,0.10377358490566038,0.0,Dutch,3,Hendrik van den Berg,Irish,8
LSTM,107,2.8321759700775146,2.911469054222107,0,0.102803738317757,0.0,Greek,7,Μαρία Παπαδόπουλος,Irish,8
LSTM,108,2.938122510910034,2.9110551834106446,0,0.10185185185185185,0.0,Japanese,10,佐藤裕子,Irish,8
LSTM,109,2.927431344985962,2.907825756072998,0,0.10091743119266056,0.0,Vietnamese,17,Lê Thành,Irish,8
LSTM,110,2.826127290725708,2.8969035863876345,0,0.1,0.0,Greek,7,Δημήτριος Παπαδόπουλος,Irish,8
LSTM,111,2.953312873840332,2.8993041276931764,0,0.0990990990990991,0.0,Czech,2,Petr Němec,Irish,8
LSTM,112,2.897512912750244,2.911316251754761,0,0.09821428571428571,0.0,Chinese,1,张霞,Irish,8
LSTM,113,2.96626615524292,2.916600751876831,0,0.09734513274336283,0.0,Czech,2,Jiří Novák,Irish,8
LSTM,114,2.9229321479797363,2.922020506858826,0,0.09649122807017543,0.0,Japanese,10,佐藤健一,Irish,8
LSTM,115,2.9578747749328613,2.9214356660842897,0,0.09565217391304348,0.0,Spanish,16,Alejandro Rodríguez,Irish,8
LSTM,116,2.7364165782928467,2.895817255973816,1,0.10344827586206896,0.1,Irish,8,Brendan O'Connor,Irish,8
LSTM,117,2.893350124359131,2.9019346714019774,0,0.10256410256410256,0.1,Scottish,15,Ross MacKenzie,Irish,8
LSTM,118,2.9215681552886963,2.900279235839844,0,0.1016949152542373,0.1,Vietnamese,17,Trần Minh,Irish,8
LSTM,119,2.8798251152038574,2.8955186128616335,0,0.10084033613445378,0.1,Scottish,15,Callum Campbell,Irish,8
LSTM,120,2.9065968990325928,2.9035655736923216,0,0.1,0.1,Scottish,15,Ewan Murray,Irish,8
LSTM,121,2.798940420150757,2.888128328323364,0,0.09917355371900827,0.1,German,6,Jürgen Schmidt,Irish,8
LSTM,122,2.9862256050109863,2.8969995975494385,0,0.09836065573770492,0.1,Dutch,3,Daan Smit,Irish,8
LSTM,123,2.9356532096862793,2.8939383029937744,0,0.0975609756097561,0.1,Portuguese,13,Francisco Oliveira,Irish,8
LSTM,124,2.927279472351074,2.8943730354309083,0,0.0967741935483871,0.1,Portuguese,13,Pedro Costa,Irish,8
LSTM,125,2.802914619445801,2.8788770198822022,0,0.096,0.1,Russian,14,Виктор Новиков,Irish,8
LSTM,126,2.867504119873047,2.891985774040222,0,0.09523809523809523,0.0,Chinese,1,吴杰,Irish,8
LSTM,127,2.9683098793029785,2.899481749534607,0,0.09448818897637795,0.0,Dutch,3,Sem de Jong,Irish,8
LSTM,128,2.9879767894744873,2.906122612953186,0,0.09375,0.0,Polish,12,Michał Woźniak,Irish,8
LSTM,129,2.9249660968780518,2.9106367111206053,0,0.09302325581395349,0.0,Japanese,10,鈴木愛,Irish,8
LSTM,130,2.8151369094848633,2.9014907121658324,0,0.09230769230769231,0.0,Greek,7,Ανδρέας Γεωργίου,Irish,8
LSTM,131,2.7856736183166504,2.900164031982422,0,0.0916030534351145,0.0,German,6,Felix Wagner,Irish,8
LSTM,132,2.7984557151794434,2.8813870429992674,0,0.09090909090909091,0.0,Russian,14,Олег Петров,Irish,8
LSTM,133,2.9255142211914062,2.88037314414978,0,0.09022556390977443,0.0,Portuguese,13,Miguel Ferreira,Irish,8
LSTM,134,2.7408339977264404,2.8617285966873167,1,0.09701492537313433,0.1,Irish,8,Saoirse Doyle,Irish,8
LSTM,135,2.8224709033966064,2.8636842250823973,0,0.0962962962962963,0.1,Greek,7,Σοφία Παπαδόπουλος,Irish,8
LSTM,136,2.7971251010894775,2.8566463232040404,0,0.09558823529411764,0.1,Russian,14,Александр Соколов,Irish,8
LSTM,137,2.9644978046417236,2.856265115737915,0,0.0948905109489051,0.1,Dutch,3,Joris de Jong,Irish,8
LSTM,138,2.9084885120391846,2.848316287994385,0,0.09420289855072464,0.1,Vietnamese,17,Nguyễn Dũng,Irish,8
LSTM,139,2.948939323425293,2.850713610649109,0,0.09352517985611511,0.1,Czech,2,David Němec,Irish,8
LSTM,140,2.8051209449768066,2.8497120141983032,0,0.09285714285714286,0.1,Greek,7,Ιωάννης Γεωργίου,Irish,8
LSTM,141,2.9374160766601562,2.864886260032654,0,0.09219858156028368,0.1,Portuguese,13,Carlos Rodrigues,Irish,8
LSTM,142,2.8793883323669434,2.872979521751404,0,0.09154929577464789,0.1,Scottish,15,Ross MacKenzie,Irish,8
LSTM,143,2.992380142211914,2.8796661138534545,0,0.09090909090909091,0.1,Polish,12,Kamil Nowak,Irish,8
LSTM,144,2.940000057220459,2.8995827198028565,0,0.09027777777777778,0.0,French,5,Pierre Robert,Irish,8
LSTM,145,2.848843812942505,2.9022200107574463,0,0.0896551724137931,0.0,Arabic,0,مصطفى الغامدي,Irish,8
LSTM,146,2.7387239933013916,2.896379899978638,1,0.0958904109589041,0.1,Irish,8,Brian Doyle,Irish,8
LSTM,147,2.9213154315948486,2.8920616626739504,0,0.09523809523809523,0.1,Italian,9,Gabriele Romano,Irish,8
LSTM,148,2.9021825790405273,2.8914310693740846,0,0.0945945945945946,0.1,Vietnamese,17,Võ Khang,Irish,8
LSTM,149,2.885418653488159,2.885079002380371,0,0.09395973154362416,0.1,Scottish,15,Isla MacLeod,Irish,8
LSTM,150,2.7966573238372803,2.8842326402664185,0,0.09333333333333334,0.1,German,6,Maximilian Fischer,Irish,8
LSTM,151,2.786024570465088,2.869093489646912,0,0.09271523178807947,0.1,German,6,Friedrich Müller,Irish,8
LSTM,152,2.9049551486968994,2.8716501712799074,0,0.09210526315789473,0.1,Vietnamese,17,Nguyễn Ngọc,Irish,8
LSTM,153,2.9297139644622803,2.8653835535049437,0,0.0915032679738562,0.1,Japanese,10,佐藤誠,Irish,8
LSTM,154,2.880201578140259,2.859403705596924,0,0.09090909090909091,0.1,Chinese,1,赵洋,Irish,8
LSTM,155,2.880444288253784,2.8625637531280517,0,0.09032258064516129,0.1,Scottish,15,Hamish Fraser,Irish,8
LSTM,156,2.965951919555664,2.885286545753479,0,0.08974358974358974,0.0,Spanish,16,Alejandro González,Irish,8
LSTM,157,2.894252061843872,2.882580208778381,0,0.08917197452229299,0.0,Chinese,1,黄勇,German,6
LSTM,158,2.9487385749816895,2.8872358083724974,0,0.08860759493670886,0.0,Czech,2,Ondřej Novotný,Irish,8
LSTM,159,2.9459633827209473,2.8932902812957764,0,0.0880503144654088,0.0,Czech,2,David Veselý,Irish,8
LSTM,160,2.9633336067199707,2.9099579095840453,0,0.0875,0.0,Czech,2,David Horák,Irish,8
LSTM,161,2.807525873184204,2.912108039855957,0,0.08695652173913043,0.0,Greek,7,Νικόλαος Αθανασίου,Irish,8
LSTM,162,2.9807498455047607,2.919687509536743,0,0.08641975308641975,0.0,Dutch,3,Dirk Visser,Irish,8
LSTM,163,2.7953147888183594,2.906247591972351,0,0.08588957055214724,0.0,Greek,7,Βασίλειος Βασιλείου,Irish,8
LSTM,164,2.888468027114868,2.907074236869812,0,0.08536585365853659,0.0,Chinese,1,赵霞,Irish,8
LSTM,165,2.949920654296875,2.914021873474121,0,0.08484848484848485,0.0,Czech,2,Ondřej Procházka,Irish,8
LSTM,166,2.960548162460327,2.9134814977645873,0,0.08433734939759036,0.0,Spanish,16,Alejandro López,Irish,8
LSTM,167,2.7615110874176025,2.9002074003219604,1,0.08982035928143713,0.1,Irish,8,Ciarán O'Brien,Irish,8
LSTM,168,2.947582244873047,2.900091767311096,0,0.08928571428571429,0.1,Japanese,10,田中花子,Irish,8
LSTM,169,2.7341842651367188,2.8789138555526734,1,0.09467455621301775,0.2,Irish,8,Patrick Doyle,Irish,8
LSTM,170,2.8844799995422363,2.8710284948349,0,0.09411764705882353,0.2,English,4,Daniel Taylor,Irish,8
LSTM,171,2.9226372241973877,2.8825396299362183,0,0.0935672514619883,0.2,Italian,9,Stefano Romano,Irish,8
LSTM,172,2.918574333190918,2.876322078704834,0,0.09302325581395349,0.2,Japanese,10,加藤大輔,Irish,8
LSTM,173,2.9463510513305664,2.8914257049560548,0,0.09248554913294797,0.2,Czech,2,Pavel Novák,Irish,8
LSTM,174,2.8053481578826904,2.883113718032837,0,0.09195402298850575,0.2,Russian,14,Юрий Соколов,Irish,8
LSTM,175,2.9615583419799805,2.8842774868011474,0,0.09142857142857143,0.2,Dutch,3,Anne de Jong,Irish,8
LSTM,176,2.916875123977661,2.879910182952881,0,0.09090909090909091,0.2,Vietnamese,17,Lê Nam,Irish,8
LSTM,177,2.9603874683380127,2.899797821044922,0,0.0903954802259887,0.1,Spanish,16,Francisco Rodríguez,Irish,8
LSTM,178,2.9233651161193848,2.8973761081695555,0,0.0898876404494382,0.1,English,4,Charles Jones,Irish,8
LSTM,179,2.942409038543701,2.918198585510254,0,0.0893854748603352,0.0,Czech,2,Pavel Dvořák,Irish,8
LSTM,180,2.884568214416504,2.9182074069976807,0,0.08888888888888889,0.0,Korean,11,최예준,Irish,8
LSTM,181,2.9474101066589355,2.9206846952438354,0,0.08839779005524862,0.0,French,5,Lucien Richard,Irish,8
LSTM,182,2.9122118949890137,2.920048451423645,0,0.08791208791208792,0.0,Vietnamese,17,Đặng Anh,Irish,8
LSTM,183,2.9269561767578125,2.9181089639663695,0,0.08743169398907104,0.0,Italian,9,Riccardo Ricci,Irish,8
LSTM,184,2.961726188659668,2.9337467670440676,0,0.08695652173913043,0.0,Spanish,16,Carlos García,Irish,8
LSTM,185,2.883092164993286,2.9259001493453978,0,0.08648648648648649,0.0,Vietnamese,17,Phạm Phong,Irish,8
LSTM,186,2.950747013092041,2.929287338256836,0,0.08602150537634409,0.0,Dutch,3,Lucas Jansen,Irish,8
LSTM,187,2.73376727104187,2.9066253185272215,1,0.09090909090909091,0.1,Irish,8,Eoin Kelly,Irish,8
LSTM,188,2.9714465141296387,2.911433458328247,0,0.09042553191489362,0.1,Dutch,3,Thomas Meijer,Irish,8
LSTM,189,2.902158498764038,2.9074084043502806,0,0.08994708994708994,0.1,Vietnamese,17,Trần Tuấn,Irish,8
LSTM,190,2.750570297241211,2.8940086126327516,1,0.09473684210526316,0.2,Irish,8,Ciarán Walsh,Irish,8
LSTM,191,2.782613754272461,2.877528977394104,0,0.09424083769633508,0.2,German,6,Wolfgang Hoffmann,Irish,8
LSTM,192,2.9174797534942627,2.878055763244629,0,0.09375,0.2,Japanese,10,高橋大輔,Irish,8
LSTM,193,2.734736919403076,2.858833837509155,1,0.09844559585492228,0.3,Irish,8,Eoin McCarthy,Irish,8
LSTM,194,2.8712923526763916,2.8497904539108276,0,0.0979381443298969,0.3,Scottish,15,Ewan Campbell,Irish,8
LSTM,195,2.8965511322021484,2.851136350631714,0,0.09743589743589744,0.3,Chinese,1,李敏,Irish,8
LSTM,196,2.9332504272460938,2.849386692047119,0,0.09693877551020408,0.3,Portuguese,13,Francisco Pereira,Irish,8
LSTM,197,2.8729448318481445,2.8633044481277468,0,0.09644670050761421,0.2,Chinese,1,王伟,Irish,8
LSTM,198,2.9267942905426025,2.858839225769043,0,0.09595959595959595,0.2,Japanese,10,加藤彩,Irish,8
LSTM,199,2.881169557571411,2.8567403316497804,0,0.09547738693467336,0.2,English,4,Michael Taylor,Irish,8
LSTM,200,2.7404348850250244,2.855726790428162,1,0.1,0.2,Irish,8,Patrick O'Brien,Irish,8
LSTM,201,2.8100218772888184,2.8584676027297973,0,0.09950248756218906,0.2,Russian,14,Алексей Соколов,Irish,8
LSTM,202,2.9393999576568604,2.860659623146057,0,0.09900990099009901,0.2,Portuguese,13,Manuel Martins,Irish,8
LSTM,203,2.874697208404541,2.8746556520462034,0,0.09852216748768473,0.1,Arabic,0,إبراهيم الخطيب,Irish,8
LSTM,204,2.9501633644104004,2.8825427532196044,0,0.09803921568627451,0.1,Czech,2,Matěj Horák,Irish,8
LSTM,205,2.9039435386657715,2.8832819938659666,0,0.0975609756097561,0.1,English,4,J.R. Davis,Irish,8
LSTM,206,2.8726906776428223,2.8772260189056396,0,0.0970873786407767,0.1,Chinese,1,陈涛,Irish,8
LSTM,207,2.8955981731414795,2.879491353034973,0,0.0966183574879227,0.1,Vietnamese,17,Trần Quân,Irish,8
LSTM,208,2.9363882541656494,2.8804507493972777,0,0.09615384615384616,0.1,Portuguese,13,Diogo Santos,Irish,8
LSTM,209,2.880368709564209,2.8803706645965574,0,0.09569377990430622,0.1,Chinese,1,刘霞,Irish,8
LSTM,210,2.9044992923736572,2.896777105331421,0,0.09523809523809523,0.0,Korean,11,김서준,Irish,8
LSTM,211,2.89522647857666,2.905297565460205,0,0.0947867298578199,0.0,Korean,11,박지호,Irish,8
LSTM,212,2.8102400302886963,2.8923815727233886,0,0.09433962264150944,0.0,Greek,7,Μιχάλης Αλεξίου,Irish,8
LSTM,213,2.971095085144043,2.902021360397339,0,0.09389671361502347,0.0,Dutch,3,Thomas van Dijk,Irish,8
LSTM,214,2.9024593830108643,2.8972509622573854,0,0.09345794392523364,0.0,Vietnamese,17,Huỳnh Đức,Irish,8
LSTM,215,2.900911569595337,2.8969477653503417,0,0.09302325581395349,0.0,English,4,James Brown,Irish,8
LSTM,216,2.9629039764404297,2.9059690952301027,0,0.09259259259259259,0.0,French,5,Étienne Thomas,Irish,8
LSTM,217,2.9144463539123535,2.90785391330719,0,0.09216589861751152,0.0,Portuguese,13,Miguel Silva,Irish,8
LSTM,218,2.972086191177368,2.9114237070083617,0,0.09174311926605505,0.0,French,5,Georges L'Hôpital,Irish,8
LSTM,219,2.9208579063415527,2.915472626686096,0,0.091324200913242,0.0,Japanese,10,渡辺裕子,Irish,8
LSTM,220,2.805910348892212,2.905613732337952,0,0.09090909090909091,0.0,Greek,7,Βασίλειος Δημητρίου,Irish,8
LSTM,221,2.9526987075805664,2.9113609552383424,0,0.09049773755656108,0.0,French,5,J.-P. d'Aubigné,Irish,8
LSTM,222,2.9672553539276123,2.927062487602234,0,0.09009009009009009,0.0,Dutch,3,Sophie van Dijk,Irish,8
LSTM,223,2.8690526485443115,2.9168582439422606,0,0.08968609865470852,0.0,Chinese,1,黄伟,Irish,8
LSTM,224,2.803532838821411,2.9069655895233155,0,0.08928571428571429,0.0,Greek,7,Θεόδωρος Γεωργίου,Irish,8
LSTM,225,2.8110311031341553,2.8979775428771974,0,0.08888888888888889,0.0,Russian,14,Евгений Кузнецов,Irish,8
LSTM,226,2.9294252395629883,2.8946296691894533,0,0.08849557522123894,0.0,Italian,9,Vincenzo Ferrari,Irish,8
LSTM,227,2.8108108043670654,2.8842661142349244,0,0.0881057268722467,0.0,Greek,7,Παναγιώτης Παπαδόπουλος,Irish,8
LSTM,228,2.8080599308013916,2.867863488197327,0,0.08771929824561403,0.0,German,6,Klaus Meyer,Irish,8
LSTM,229,2.925581455230713,2.8683358430862427,0,0.08733624454148471,0.0,Japanese,10,田中陽子,Irish,8
LSTM,230,2.926266670227051,2.8803714752197265,0,0.08695652173913043,0.0,Czech,2,Štěpán Němec,Irish,8
LSTM,231,2.734092950820923,2.858510899543762,1,0.09090909090909091,0.1,Irish,8,Eoin O'Sullivan,Irish,8
LSTM,232,2.9690892696380615,2.858694291114807,0,0.09051724137931035,0.1,Spanish,16,Carlos Martínez,Irish,8
LSTM,233,2.90201735496521,2.861990761756897,0,0.09012875536480687,0.1,Vietnamese,17,Hoàng Đức,Irish,8
LSTM,234,2.879054307937622,2.8695429086685182,0,0.08974358974358974,0.1,Arabic,0,عبدالله الخطيب,Irish,8
LSTM,235,2.7413039207458496,2.8625701904296874,1,0.09361702127659574,0.2,Irish,8,Declan O'Brien,Irish,8
LSTM,236,2.73533296585083,2.8431609630584718,1,0.09745762711864407,0.3,Irish,8,Eoin Murphy,Irish,8
LSTM,237,2.964383363723755,2.8585182189941407,0,0.0970464135021097,0.3,Dutch,3,Joris Visser,Irish,8
LSTM,238,2.9218459129333496,2.8698968172073362,0,0.09663865546218488,0.3,Portuguese,13,Jorge Oliveira,Irish,8
LSTM,239,2.9189188480377197,2.869230556488037,0,0.09623430962343096,0.3,Japanese,10,渡辺陽子,Irish,8
LSTM,240,2.963388442993164,2.8729427337646483,0,0.09583333333333334,0.3,Spanish,16,Jorge Fernández,Irish,8
LSTM,241,3.0182721614837646,2.9013606548309325,0,0.0954356846473029,0.2,Polish,12,Marcin Zieliński,Irish,8
LSTM,242,2.8097949028015137,2.8854312181472777,0,0.09504132231404959,0.2,German,6,Dieter Fischer,Irish,8
LSTM,243,2.8853204250335693,2.8837615251541138,0,0.09465020576131687,0.2,Chinese,1,周芳,Irish,8
LSTM,244,2.9100558757781982,2.8868616819381714,0,0.0942622950819672,0.2,Portuguese,13,João Silva,Irish,8
LSTM,245,2.9558026790618896,2.9083115577697756,0,0.09387755102040816,0.1,Spanish,16,Rafael Sánchez,Irish,8
LSTM,246,2.802884101867676,2.91506667137146,0,0.09349593495934959,0.0,German,6,Johannes Weber,Irish,8
LSTM,247,2.904977560043335,2.909126091003418,0,0.0931174089068826,0.0,Portuguese,13,Filipe Silva,Irish,8
LSTM,248,2.9183056354522705,2.9087720632553102,0,0.09274193548387097,0.0,Japanese,10,中村さくら,Irish,8
LSTM,249,2.900851249694824,2.9069653034210203,0,0.09236947791164658,0.0,Japanese,10,小林美咲,Irish,8
LSTM,250,2.9646782875061035,2.9070942878723143,0,0.092,0.0,Dutch,3,Johan Meijer,Irish,8
LSTM,251,2.938666343688965,2.8991337060928344,0,0.09163346613545817,0.0,Italian,9,Giovanni Colombo,Irish,8
LSTM,252,2.9261791706085205,2.910772132873535,0,0.09126984126984126,0.0,Italian,9,Lorenzo Marino,Irish,8
LSTM,253,2.9059226512908936,2.9128323554992677,0,0.09090909090909091,0.0,Portuguese,13,Manuel Oliveira,Irish,8
LSTM,254,3.0143377780914307,2.923260545730591,0,0.09055118110236221,0.0,Polish,12,Zbigniew Szymański,Irish,8
LSTM,255,2.924746036529541,2.920154881477356,0,0.09019607843137255,0.0,Italian,9,Andrea Ricci,Irish,8
LSTM,256,2.9089760780334473,2.930764079093933,0,0.08984375,0.0,English,4,Charles Williams,Irish,8
LSTM,257,2.918433904647827,2.9321097135543823,0,0.08949416342412451,0.0,Portuguese,13,Francisco Jesus,Irish,8
LSTM,258,3.0085535049438477,2.94113450050354,0,0.08914728682170543,0.0,Polish,12,Adam Szymański,Irish,8
LSTM,259,2.9570353031158447,2.946752905845642,0,0.0888030888030888,0.0,French,5,Pierre Dubois,Irish,8
LSTM,260,2.9122166633605957,2.9415067434310913,0,0.08846153846153847,0.0,Italian,9,Carlo Romano,Irish,8
LSTM,261,2.898442506790161,2.937484359741211,0,0.08812260536398467,0.0,Vietnamese,17,Nguyễn Anh,Irish,8
LSTM,262,2.9111034870147705,2.9359767913818358,0,0.08778625954198473,0.0,Italian,9,Matteo Esposito,Irish,8
LSTM,263,2.8013455867767334,2.92551908493042,0,0.08745247148288973,0.0,German,6,Christian Meyer,Irish,8
LSTM,264,2.9100241661071777,2.9150877237319945,0,0.08712121212121213,0.0,Japanese,10,渡辺さくら,Irish,8
LSTM,265,2.8238203525543213,2.904995155334473,0,0.08679245283018867,0.0,Russian,14,Михаил Попов,Irish,8
LSTM,266,2.7881155014038086,2.8929090976715086,0,0.08646616541353383,0.0,German,6,Christian Wagner,Irish,8
LSTM,267,2.898583173751831,2.890924024581909,0,0.08614232209737828,0.0,Scottish,15,Hamish Robertson,Irish,8
LSTM,268,2.9563488960266113,2.8857035636901855,0,0.08582089552238806,0.0,French,5,Georges d'Aubigné,Irish,8
LSTM,269,2.9529497623443604,2.885295009613037,0,0.08550185873605948,0.0,Czech,2,David Dvořák,Irish,8
LSTM,270,2.956575632095337,2.8897309064865113,0,0.08518518518518518,0.0,Spanish,16,Jorge Gómez,Irish,8
LSTM,271,2.8963968753814697,2.889526343345642,0,0.08487084870848709,0.0,Japanese,10,鈴木直子,Irish,8
LSTM,272,2.807079553604126,2.8791239500045775,0,0.08455882352941177,0.0,Greek,7,Σπυρίδων Αλεξίου,Irish,8
LSTM,273,2.9043493270874023,2.8894243240356445,0,0.08424908424908426,0.0,Italian,9,Stefano Ferrari,Irish,8
LSTM,274,2.7967021465301514,2.878092122077942,0,0.08394160583941605,0.0,German,6,Felix Schmidt,Irish,8
LSTM,275,2.8797221183776855,2.883682298660278,0,0.08363636363636363,0.0,Arabic,0,طارق الحداد,Irish,8
LSTM,276,2.807640790939331,2.8856348276138304,0,0.08333333333333333,0.0,Greek,7,Δημήτριος Κωνσταντίνου,Irish,8
LSTM,277,2.947037696838379,2.8904802799224854,0,0.08303249097472924,0.0,Czech,2,Matěj Procházka,Irish,8
LSTM,278,2.919506549835205,2.8867960453033445,0,0.08273381294964029,0.0,Portuguese,13,José Jesus,Irish,8
LSTM,279,2.771279811859131,2.868629050254822,0,0.08243727598566308,0.0,German,6,Wolfgang Hoffmann,Irish,8
LSTM,280,3.012413501739502,2.8742128372192384,0,0.08214285714285714,0.0,Polish,12,Michał Lewandowski,Irish,8
LSTM,281,3.0023789405822754,2.884811043739319,0,0.08185053380782918,0.0,Polish,12,Andrzej Wójcik,Irish,8
LSTM,282,2.8844687938690186,2.892549967765808,0,0.08156028368794327,0.0,English,4,Joseph Taylor,Irish,8
LSTM,283,2.8726017475128174,2.8893752098083496,0,0.0812720848056537,0.0,Arabic,0,كريم القحطاني,Irish,8
LSTM,284,2.9699556827545166,2.9067005634307863,0,0.08098591549295775,0.0,Dutch,3,Lotte Meijer,Irish,8
LSTM,285,2.8967766761779785,2.9084060192108154,0,0.08070175438596491,0.0,Portuguese,13,Bruno Ferreira,Irish,8
LSTM,286,2.955083131790161,2.9231502532958986,0,0.08041958041958042,0.0,French,5,Jean-Luc d'Aubigné,Irish,8
LSTM,287,2.959855079650879,2.9244319915771486,0,0.08013937282229965,0.0,Spanish,16,Sergio Martínez,Irish,8
LSTM,288,2.8784339427948,2.9203247308731077,0,0.0798611111111111,0.0,Chinese,1,赵娜,Irish,8
LSTM,289,2.8210973739624023,2.925306487083435,0,0.07958477508650519,0.0,Greek,7,Θεόδωρος Παπαδάκης,Irish,8
LSTM,290,2.820115804672241,2.906076717376709,0,0.07931034482758621,0.0,Russian,14,Николай Петров,Irish,8
LSTM,291,2.8142638206481934,2.887265205383301,0,0.07903780068728522,0.0,Russian,14,Иван Михайлов,Irish,8
LSTM,292,2.9453392028808594,2.893352246284485,0,0.07876712328767123,0.0,Spanish,16,Daniel Pérez,Irish,8
LSTM,293,2.918483018875122,2.8979403734207154,0,0.07849829351535836,0.0,Japanese,10,加藤京子,Irish,8
LSTM,294,2.8120296001434326,2.882147765159607,0,0.0782312925170068,0.0,Russian,14,Павел Соколов,Irish,8
LSTM,295,2.9480228424072266,2.8872723817825316,0,0.07796610169491526,0.0,Spanish,16,Jorge Martínez,Irish,8
LSTM,296,2.906663417816162,2.882430410385132,0,0.0777027027027027,0.0,Vietnamese,17,Huỳnh Nam,Irish,8
LSTM,297,2.96486234664917,2.882931137084961,0,0.07744107744107744,0.0,French,5,Jules L'Hôpital,Irish,8
LSTM,298,2.92911696434021,2.887999439239502,0,0.07718120805369127,0.0,Scottish,15,Rory Murray,Irish,8
LSTM,299,2.7486512660980225,2.880754828453064,1,0.0802675585284281,0.1,Irish,8,Ciarán Kennedy,Irish,8
LSTM,300,2.7977094650268555,2.8785141944885253,0,0.08,0.1,Greek,7,Νικόλαος Αλεξίου,Irish,8
GRU,1,2.815654993057251,2.815654993057251,0,0.0,0.0,Dutch,3,Kees de Jong,Spanish,16
GRU,2,2.9955294132232666,2.905592203140259,0,0.0,0.0,Irish,8,Liam Walsh,Spanish,16
GRU,3,2.8380191326141357,2.8830678462982178,0,0.0,0.0,Greek,7,Ευάγγελος Παπαδάκης,Spanish,16
GRU,4,2.866098165512085,2.8788254261016846,0,0.0,0.0,Dutch,3,Ruben Smit,Spanish,16
GRU,5,2.898569107055664,2.8827741622924803,0,0.0,0.0,Vietnamese,17,Trần Cường,Spanish,16
GRU,6,2.979734182357788,2.8989341656366983,0,0.0,0.0,Portuguese,13,Jorge Silva,Spanish,16
GRU,7,2.945523500442505,2.9055897848946706,0,0.0,0.0,Arabic,0,عمر الخطيب,Spanish,16
GRU,8,3.026900053024292,2.9207535684108734,0,0.0,0.0,German,6,Hannah Schneider,Spanish,16
GRU,9,2.7103474140167236,2.8973751068115234,1,0.1111111111111111,0.1111111111111111,Spanish,16,Miguel Pérez,Spanish,16
GRU,10,2.9765424728393555,2.9052918434143065,0,0.1,0.1,Arabic,0,عمر المالكي,Spanish,16
GRU,11,3.039851427078247,2.9277114868164062,0,0.09090909090909091,0.1,German,6,Wolfgang Hoffmann,Spanish,16
GRU,12,2.895672082901001,2.91772575378418,0,0.08333333333333333,0.1,Vietnamese,17,Huỳnh Hoàng,Spanish,16
GRU,13,2.7790582180023193,2.9118296623229982,0,0.07692307692307693,0.1,Greek,7,Στέφανος Αθανασίου,Spanish,16
GRU,14,3.0086612701416016,2.9260859727859496,0,0.07142857142857142,0.1,Irish,8,Patrick Murphy,Spanish,16
GRU,15,2.9597816467285156,2.932207226753235,0,0.06666666666666667,0.1,French,5,Jean-Luc d'Aubigné,Spanish,16
GRU,16,2.9332008361816406,2.92755389213562,0,0.0625,0.1,Portuguese,13,Rui Oliveira,Spanish,16
GRU,17,2.974055528640747,2.930407094955444,0,0.058823529411764705,0.1,Irish,8,Aoife Kelly,Spanish,16
GRU,18,3.0303564071655273,2.930752730369568,0,0.05555555555555555,0.1,German,6,Maximilian Hoffmann,Spanish,16
GRU,19,2.8224072456359863,2.941958713531494,0,0.05263157894736842,0.0,Japanese,10,鈴木翔,Spanish,16
GRU,20,2.8267531394958496,2.9269797801971436,0,0.05,0.0,Czech,2,Štěpán Černý,Spanish,16
GRU,21,2.813018798828125,2.9042965173721313,0,0.047619047619047616,0.0,Dutch,3,Sander van Dijk,Spanish,16
GRU,22,2.8111178874969482,2.895841097831726,0,0.045454545454545456,0.0,Korean,11,윤수빈,Spanish,16
GRU,23,2.9929587841033936,2.9172311544418337,0,0.043478260869565216,0.0,Irish,8,Brendan Murphy,Spanish,16
GRU,24,2.7560231685638428,2.8919673442840574,0,0.041666666666666664,0.0,Russian,14,Роман Васильев,Spanish,16
GRU,25,2.805140256881714,2.8765032052993775,0,0.04,0.0,Dutch,3,Finn van Dijk,Spanish,16
GRU,26,2.831684112548828,2.866351532936096,0,0.038461538461538464,0.0,Czech,2,Petr Veselý,Spanish,16
GRU,27,2.857556104660034,2.854701590538025,0,0.037037037037037035,0.0,Italian,9,Alessandro Marino,Spanish,16
GRU,28,2.84676456451416,2.8363424062728884,0,0.03571428571428571,0.0,Korean,11,윤상현,Spanish,16
GRU,29,3.023848056793213,2.8564864873886107,0,0.034482758620689655,0.0,German,6,Hans Hoffmann,Spanish,16
GRU,30,2.8229763507843018,2.856108808517456,0,0.03333333333333333,0.0,Czech,2,Marek Novák,Spanish,16
GRU,31,2.8332972526550293,2.8581366539001465,0,0.03225806451612903,0.0,Greek,7,Ελένη Σταυρίδης,Spanish,16
GRU,32,2.8692727088928223,2.863952136039734,0,0.03125,0.0,Italian,9,Alessandro Russo,Spanish,16
GRU,33,2.82242488861084,2.8468987464904787,0,0.030303030303030304,0.0,Greek,7,Αλέξανδρος Παπαδάκης,Spanish,16
GRU,34,3.037254810333252,2.8750219106674195,0,0.029411764705882353,0.0,Polish,12,Wojciech Wójcik,Spanish,16
GRU,35,2.790595531463623,2.8735674381256104,0,0.02857142857142857,0.0,Russian,14,Андрей Михайлов,Spanish,16
GRU,36,2.823925733566284,2.872791600227356,0,0.027777777777777776,0.0,Korean,11,박지훈,Spanish,16
GRU,37,2.839921712875366,2.8710281610488892,0,0.02702702702702703,0.0,Korean,11,정서준,Dutch,3
GRU,38,3.006833791732788,2.887035083770752,0,0.02631578947368421,0.0,German,6,Matthias Schulz,Spanish,16
GRU,39,2.99786114692688,2.8844363927841186,0,0.02564102564102564,0.0,Irish,8,Aoife O'Connor,Spanish,16
GRU,40,2.819117307662964,2.884050488471985,0,0.025,0.0,Czech,2,Daniel Veselý,Spanish,16
GRU,41,2.966881036758423,2.897408866882324,0,0.024390243902439025,0.0,French,5,Noël Durand,Spanish,16
GRU,42,2.777655601501465,2.8882471561431884,0,0.023809523809523808,0.0,Greek,7,Δημήτριος Γεωργίου,Spanish,16
GRU,43,2.7840540409088135,2.8844100713729857,0,0.023255813953488372,0.0,Russian,14,Роман Кузнецов,Spanish,16
GRU,44,2.9892940521240234,2.879613995552063,0,0.022727272727272728,0.0,Irish,8,Conor O'Connor,Spanish,16
GRU,45,2.911402463912964,2.891694688796997,0,0.022222222222222223,0.0,Vietnamese,17,Lê Phong,Spanish,16
GRU,46,2.801543712615967,2.8894564867019654,0,0.021739130434782608,0.0,Japanese,10,加藤悠斗,Spanish,16
GRU,47,3.0157463550567627,2.907038950920105,0,0.02127659574468085,0.0,Chinese,1,张霞,Spanish,16
GRU,48,2.9860544204711914,2.9049610137939452,0,0.020833333333333332,0.0,Chinese,1,陈伟,Spanish,16
GRU,49,3.03277587890625,2.9084524869918824,0,0.02040816326530612,0.0,Polish,12,Jakub Wójcik,Spanish,16
GRU,50,2.803041696548462,2.9068449258804323,0,0.02,0.0,Czech,2,Filip Novotný,Spanish,16
GRU,51,2.8164310455322266,2.8917999267578125,0,0.0196078431372549,0.0,Japanese,10,高橋誠,Spanish,16
GRU,52,2.9334521293640137,2.9073795795440676,0,0.019230769230769232,0.0,Scottish,15,Angus Murray,Spanish,16
GRU,53,2.780734062194824,2.9070475816726686,0,0.018867924528301886,0.0,Russian,14,Павел Петров,Spanish,16
GRU,54,2.9508230686187744,2.9032004833221436,0,0.018518518518518517,0.0,Irish,8,Michael Kelly,Spanish,16
GRU,55,2.816845178604126,2.8937447547912596,0,0.01818181818181818,0.0,Greek,7,Μιχάλης Σταυρίδης,Spanish,16
GRU,56,2.9122629165649414,2.904816675186157,0,0.017857142857142856,0.0,Vietnamese,17,Phan Quân,Spanish,16
GRU,57,2.963771343231201,2.8996191740036013,0,0.017543859649122806,0.0,Irish,8,Brendan Kennedy,Spanish,16
GRU,58,2.903007745742798,2.8913145065307617,0,0.017241379310344827,0.0,Portuguese,13,Luís Martins,Spanish,16
GRU,59,3.0206923484802246,2.8901061534881594,0,0.01694915254237288,0.0,Polish,12,Grzegorz Kowalczyk,Russian,14
GRU,60,2.809028387069702,2.8907048225402834,0,0.016666666666666666,0.0,Greek,7,Ευάγγελος Παπαδάκης,Spanish,16
GRU,61,2.731644868850708,2.8822262048721314,1,0.03278688524590164,0.1,Spanish,16,Fernando Sánchez,Spanish,16
GRU,62,2.8227148056030273,2.871152472496033,0,0.03225806451612903,0.1,Czech,2,Adam Němec,Spanish,16
GRU,63,2.9879422187805176,2.891873288154602,0,0.031746031746031744,0.1,Chinese,1,李军,Spanish,16
GRU,64,3.0339126586914062,2.9001822471618652,0,0.03125,0.1,English,4,James Taylor,Spanish,16
GRU,65,2.9636850357055664,2.914866232872009,0,0.03076923076923077,0.1,French,5,Mathieu d'Aubigné,Spanish,16
GRU,66,2.8959054946899414,2.9132304906845095,0,0.030303030303030304,0.1,Portuguese,13,Diogo Martins,Spanish,16
GRU,67,2.791377067565918,2.895991063117981,0,0.029850746268656716,0.1,Czech,2,Břetislav Černý,Spanish,16
GRU,68,3.0244688987731934,2.9081371784210206,0,0.029411764705882353,0.1,Polish,12,Grzegorz Zieliński,Spanish,16
GRU,69,2.7409443855285645,2.8801623821258544,1,0.043478260869565216,0.2,Russian,14,Олег Васильев,Russian,14
GRU,70,2.9490861892700195,2.894168162345886,0,0.04285714285714286,0.2,Irish,8,Patrick Gallagher,Spanish,16
GRU,71,2.9755265712738037,2.918556332588196,0,0.04225352112676056,0.1,Arabic,0,ماجد الشمري,Spanish,16
GRU,72,2.8771190643310547,2.9239967584609987,0,0.041666666666666664,0.1,Dutch,3,Lucas Smit,Spanish,16
GRU,73,2.9088759422302246,2.9160901308059692,0,0.0410958904109589,0.1,Vietnamese,17,Đặng Long,Spanish,16
GRU,74,2.9506187438964844,2.907760739326477,0,0.04054054054054054,0.1,Irish,8,Brian Kennedy,Spanish,16
GRU,75,2.825000762939453,2.8938923120498656,0,0.04,0.1,Japanese,10,鈴木蓮,Spanish,16
GRU,76,2.8741066455841064,2.8917124271392822,0,0.039473684210526314,0.1,Italian,9,Luca Romano,Spanish,16
GRU,77,2.978027820587158,2.9103775024414062,0,0.03896103896103896,0.1,French,5,Noël Richard,Spanish,16
GRU,78,2.9819679260253906,2.906127405166626,0,0.038461538461538464,0.1,Arabic,0,خالد القحطاني,Spanish,16
GRU,79,2.9453413486480713,2.9265671014785766,0,0.0379746835443038,0.0,Irish,8,Ronan McCarthy,Spanish,16
GRU,80,2.9567489624023438,2.927333378791809,0,0.0375,0.0,French,5,Hugo Durand,Spanish,16
GRU,81,2.869356870651245,2.9167164087295534,0,0.037037037037037035,0.0,Dutch,3,Jan Smit,Spanish,16
GRU,82,2.8557169437408447,2.914576196670532,0,0.036585365853658534,0.0,Italian,9,Carlo Marino,Spanish,16
GRU,83,2.733201742172241,2.897008776664734,1,0.04819277108433735,0.1,Spanish,16,Pablo Pérez,Spanish,16
GRU,84,3.008323907852173,2.902779293060303,0,0.047619047619047616,0.1,German,6,Hannah Schmidt,Spanish,16
GRU,85,2.8705642223358154,2.907335638999939,0,0.047058823529411764,0.1,Korean,11,임지민,Spanish,16
GRU,86,2.9487767219543457,2.914802646636963,0,0.046511627906976744,0.1,French,5,Jean-Luc Durand,Spanish,16
GRU,87,2.6959149837493896,2.886591362953186,1,0.05747126436781609,0.2,Spanish,16,Alejandro García,Spanish,16
GRU,88,2.82830548286438,2.871225118637085,0,0.056818181818181816,0.2,Japanese,10,山本裕子,Russian,14
GRU,89,2.9387130737304688,2.870562291145325,0,0.056179775280898875,0.2,Arabic,0,إبراهيم الخطيب,Spanish,16
GRU,90,2.870122194290161,2.8618996143341064,0,0.05555555555555555,0.2,Korean,11,최예은,Spanish,16
GRU,91,2.8109304904937744,2.856056976318359,0,0.054945054945054944,0.2,Greek,7,Στέφανος Παπαδόπουλος,Spanish,16
GRU,92,2.76170015335083,2.8466552972793577,0,0.05434782608695652,0.2,Greek,7,Αλέξανδρος Βασιλείου,Spanish,16
GRU,93,2.768264055252075,2.8501615285873414,0,0.053763440860215055,0.1,Czech,2,Petr Svoboda,Spanish,16
GRU,94,2.9876198768615723,2.8480911254882812,0,0.05319148936170213,0.1,Scottish,15,Stuart MacDonald,Spanish,16
GRU,95,2.904587745666504,2.85149347782135,0,0.05263157894736842,0.1,Vietnamese,17,Đặng Phong,Spanish,16
GRU,96,3.028082847595215,2.859424090385437,0,0.052083333333333336,0.1,English,4,Matthew Johnson,Spanish,16
GRU,97,2.960188627243042,2.8858514547348024,0,0.05154639175257732,0.0,Scottish,15,Alasdair Graham,Spanish,16
GRU,98,2.8934528827667236,2.8923661947250365,0,0.05102040816326531,0.0,French,5,Gabriel Petit,Spanish,16
GRU,99,2.7225539684295654,2.8707502841949464,1,0.06060606060606061,0.1,Spanish,16,Pablo Pérez,Spanish,16
GRU,100,2.937129259109497,2.8774509906768797,0,0.06,0.1,Portuguese,13,André Ferreira,Spanish,16
GRU,101,2.9016685485839844,2.886524796485901,0,0.0594059405940594,0.1,Vietnamese,17,Đặng Minh,Spanish,16
GRU,102,3.0268189907073975,2.9130366802215577,0,0.058823529411764705,0.1,German,6,Klaus Hoffmann,Spanish,16
GRU,103,2.8662397861480713,2.9228342533111573,0,0.05825242718446602,0.1,Italian,9,Antonio Romano,Spanish,16
GRU,104,2.8499867916107178,2.909070944786072,0,0.057692307692307696,0.1,Korean,11,강예준,Spanish,16
GRU,105,2.716806173324585,2.89029278755188,1,0.06666666666666667,0.2,Spanish,16,Pablo Martínez,Spanish,16
GRU,106,2.8139073848724365,2.868875241279602,0,0.0660377358490566,0.2,Dutch,3,Hendrik van den Berg,Spanish,16
GRU,107,2.7986652851104736,2.852722907066345,0,0.06542056074766354,0.2,Greek,7,Μαρία Παπαδόπουλος,Spanish,16
GRU,108,2.8194448947906494,2.845322108268738,0,0.06481481481481481,0.2,Japanese,10,佐藤裕子,Spanish,16
GRU,109,2.901127338409424,2.8631794452667236,0,0.06422018348623854,0.1,Vietnamese,17,Lê Thành,Spanish,16
GRU,110,2.790327310562134,2.8484992504119875,0,0.06363636363636363,0.1,Greek,7,Δημήτριος Παπαδόπουλος,Spanish,16
GRU,111,2.8196327686309814,2.840295672416687,0,0.06306306306306306,0.1,Czech,2,Petr Němec,Spanish,16
GRU,112,3.0199661254882812,2.839610385894775,0,0.0625,0.1,Chinese,1,张霞,Spanish,16
GRU,113,2.804431676864624,2.8334295749664307,0,0.061946902654867256,0.1,Czech,2,Jiří Novák,Spanish,16
GRU,114,2.8330626487731934,2.8317371606826782,0,0.06140350877192982,0.1,Japanese,10,佐藤健一,Spanish,16
GRU,115,2.707587957382202,2.83081533908844,1,0.06956521739130435,0.1,Spanish,16,Alejandro Rodríguez,Spanish,16
GRU,116,2.9645028114318848,2.845874881744385,0,0.06896551724137931,0.1,Irish,8,Brendan O'Connor,Spanish,16
GRU,117,2.932241678237915,2.859232521057129,0,0.06837606837606838,0.1,Scottish,15,Ross MacKenzie,Spanish,16
GRU,118,2.8909494876861572,2.8663829803466796,0,0.06779661016949153,0.1,Vietnamese,17,Trần Minh,Spanish,16
GRU,119,2.9054088592529297,2.8668111324310304,0,0.06722689075630252,0.1,Scottish,15,Callum Campbell,Spanish,16
GRU,120,2.9192283153533936,2.8797012329101563,0,0.06666666666666667,0.1,Scottish,15,Ewan Murray,Spanish,16
GRU,121,3.0027501583099365,2.898012971878052,0,0.06611570247933884,0.1,German,6,Jürgen Schmidt,Spanish,16
GRU,122,2.8724205493927,2.883258414268494,0,0.06557377049180328,0.1,Dutch,3,Daan Smit,Spanish,16
GRU,123,2.948151111602783,2.8976303577423095,0,0.06504065040650407,0.1,Portuguese,13,Francisco Oliveira,Spanish,16
GRU,124,2.944345235824585,2.908758616447449,0,0.06451612903225806,0.1,Portuguese,13,Pedro Costa,Spanish,16
GRU,125,2.806790590286255,2.918678879737854,0,0.064,0.0,Russian,14,Виктор Новиков,Spanish,16
GRU,126,2.976465940475464,2.9198751926422117,0,0.06349206349206349,0.0,Chinese,1,吴杰,Spanish,16
GRU,127,2.8100435733795166,2.907655382156372,0,0.06299212598425197,0.0,Dutch,3,Sem de Jong,Spanish,16
GRU,128,3.0276968479156494,2.921330118179321,0,0.0625,0.0,Polish,12,Michał Woźniak,Spanish,16
GRU,129,2.835097551345825,2.914298987388611,0,0.06201550387596899,0.0,Japanese,10,鈴木愛,Spanish,16
GRU,130,2.760155200958252,2.898391675949097,0,0.06153846153846154,0.0,Greek,7,Ανδρέας Γεωργίου,Spanish,16
GRU,131,2.99660062789917,2.89777672290802,0,0.061068702290076333,0.0,German,6,Felix Wagner,Spanish,16
GRU,132,2.7951676845550537,2.8900514364242555,0,0.06060606060606061,0.0,Russian,14,Олег Петров,Spanish,16
GRU,133,2.9231059551239014,2.887546920776367,0,0.06015037593984962,0.0,Portuguese,13,Miguel Ferreira,Spanish,16
GRU,134,2.932415723800659,2.8863539695739746,0,0.05970149253731343,0.0,Irish,8,Saoirse Doyle,Spanish,16
GRU,135,2.7842817306518555,2.8841030836105346,0,0.05925925925925926,0.0,Greek,7,Σοφία Παπαδόπουλος,Spanish,16
GRU,136,2.7915596961975098,2.8656124591827394,0,0.058823529411764705,0.0,Russian,14,Александр Соколов,Spanish,16
GRU,137,2.805657386779785,2.865173840522766,0,0.058394160583941604,0.0,Dutch,3,Joris de Jong,Spanish,16
GRU,138,2.8862762451171875,2.85103178024292,0,0.057971014492753624,0.0,Vietnamese,17,Nguyễn Dũng,Spanish,16
GRU,139,2.81779408454895,2.8493014335632325,0,0.05755395683453238,0.0,Czech,2,David Němec,Spanish,16
GRU,140,2.7450945377349854,2.8477953672409058,1,0.06428571428571428,0.1,Greek,7,Ιωάννης Γεωργίου,Greek,7
GRU,141,2.9094481468200684,2.8390801191329955,0,0.06382978723404255,0.1,Portuguese,13,Carlos Rodrigues,Spanish,16
GRU,142,2.9128589630126953,2.85084924697876,0,0.06338028169014084,0.1,Scottish,15,Ross MacKenzie,Spanish,16
GRU,143,3.029228925704956,2.861461544036865,0,0.06293706293706294,0.1,Polish,12,Kamil Nowak,Spanish,16
GRU,144,2.9359867572784424,2.8618186473846436,0,0.0625,0.1,French,5,Pierre Robert,Spanish,16
GRU,145,2.972729206085205,2.8806633949279785,0,0.06206896551724138,0.1,Arabic,0,مصطفى الغامدي,Spanish,16
GRU,146,2.9280025959014893,2.8943076848983766,0,0.06164383561643835,0.1,Irish,8,Brian Doyle,Spanish,16
GRU,147,2.8777542114257812,2.901517367362976,0,0.061224489795918366,0.1,Italian,9,Gabriele Romano,Spanish,16
GRU,148,2.86885666847229,2.8997754096984862,0,0.060810810810810814,0.1,Vietnamese,17,Võ Khang,Spanish,16
GRU,149,2.961089849472046,2.9141049861907957,0,0.06040268456375839,0.1,Scottish,15,Isla MacLeod,Spanish,16
GRU,150,3.015692710876465,2.941164803504944,0,0.06,0.0,German,6,Maximilian Fischer,Spanish,16
GRU,151,2.976487874984741,2.9478687763214113,0,0.059602649006622516,0.0,German,6,Friedrich Müller,Spanish,16
GRU,152,2.8811004161834717,2.944692921638489,0,0.05921052631578947,0.0,Vietnamese,17,Nguyễn Ngọc,Spanish,16
GRU,153,2.805462121963501,2.922316241264343,0,0.058823529411764705,0.0,Japanese,10,佐藤誠,Spanish,16
GRU,154,2.9918649196624756,2.9279040575027464,0,0.05844155844155844,0.0,Chinese,1,赵洋,Spanish,16
GRU,155,2.894807815551758,2.9201119184494018,0,0.05806451612903226,0.0,Scottish,15,Hamish Fraser,Spanish,16
GRU,156,2.742438554763794,2.9015555143356324,1,0.0641025641025641,0.1,Spanish,16,Alejandro González,Spanish,16
GRU,157,2.93796706199646,2.9075767993927,0,0.06369426751592357,0.1,Chinese,1,黄勇,Spanish,16
GRU,158,2.798035144805908,2.900494647026062,0,0.06329113924050633,0.1,Czech,2,Ondřej Novotný,Spanish,16
GRU,159,2.800067901611328,2.8843924522399904,0,0.06289308176100629,0.1,Czech,2,David Veselý,Spanish,16
GRU,160,2.785813808441162,2.86140456199646,0,0.0625,0.1,Czech,2,David Horák,Spanish,16
GRU,161,2.733685255050659,2.837124300003052,1,0.06832298136645963,0.2,Greek,7,Νικόλαος Αθανασίου,Greek,7
GRU,162,2.8048083782196045,2.829495096206665,0,0.06790123456790123,0.2,Dutch,3,Dirk Visser,Spanish,16
GRU,163,2.730010509490967,2.8219499349594117,1,0.0736196319018405,0.3,Greek,7,Βασίλειος Βασιλείου,Greek,7
GRU,164,2.992769479751587,2.822040390968323,0,0.07317073170731707,0.3,Chinese,1,赵霞,Spanish,16
GRU,165,2.755713939666748,2.8081310033798217,0,0.07272727272727272,0.3,Czech,2,Ondřej Procházka,Spanish,16
GRU,166,2.7315211296081543,2.807039260864258,1,0.0783132530120482,0.3,Spanish,16,Alejandro López,Spanish,16
GRU,167,2.969101667404175,2.8101527214050295,0,0.07784431137724551,0.3,Irish,8,Ciarán O'Brien,Spanish,16
GRU,168,2.813467025756836,2.811695909500122,0,0.07738095238095238,0.3,Japanese,10,田中花子,Spanish,16
GRU,169,2.919692039489746,2.823658323287964,0,0.07692307692307693,0.3,Irish,8,Patrick Doyle,Spanish,16
GRU,170,3.063096284866333,2.851386570930481,0,0.07647058823529412,0.3,English,4,Daniel Taylor,Spanish,16
GRU,171,2.8810112476348877,2.8661191701889037,0,0.07602339181286549,0.2,Italian,9,Stefano Romano,Spanish,16
GRU,172,2.8569083213806152,2.871329164505005,0,0.0755813953488372,0.2,Japanese,10,加藤大輔,Spanish,16
GRU,173,2.781121015548706,2.8764402151107786,0,0.07514450867052024,0.1,Czech,2,Pavel Novák,Spanish,16
GRU,174,2.803814172744751,2.857544684410095,0,0.07471264367816093,0.1,Russian,14,Юрий Соколов,Spanish,16
GRU,175,2.804713487625122,2.8624446392059326,0,0.07428571428571429,0.1,Dutch,3,Anne de Jong,Spanish,16
GRU,176,2.9041974544525146,2.8797122716903685,0,0.07386363636363637,0.0,Vietnamese,17,Lê Nam,Spanish,16
GRU,177,2.7151987552642822,2.8543219804763793,1,0.07909604519774012,0.1,Spanish,16,Francisco Rodríguez,Spanish,16
GRU,178,3.0516319274902344,2.878138470649719,0,0.07865168539325842,0.1,English,4,Charles Jones,Spanish,16
GRU,179,2.7726786136627197,2.863437128067017,0,0.0782122905027933,0.1,Czech,2,Pavel Dvořák,Spanish,16
GRU,180,2.877681016921997,2.844895601272583,0,0.07777777777777778,0.1,Korean,11,최예준,Dutch,3
GRU,181,2.9824941158294678,2.855043888092041,0,0.07734806629834254,0.1,French,5,Lucien Richard,Spanish,16
GRU,182,2.886469841003418,2.8580000400543213,0,0.07692307692307693,0.1,Vietnamese,17,Đặng Anh,Spanish,16
GRU,183,2.8806493282318115,2.8679528713226317,0,0.07650273224043716,0.1,Italian,9,Riccardo Ricci,Spanish,16
GRU,184,2.6887266635894775,2.8564441204071045,1,0.08152173913043478,0.2,Spanish,16,Carlos García,Spanish,16
GRU,185,2.8622548580169678,2.862198257446289,0,0.08108108108108109,0.2,Vietnamese,17,Phạm Phong,Spanish,16
GRU,186,2.7759759426116943,2.849376106262207,0,0.08064516129032258,0.2,Dutch,3,Lucas Jansen,Spanish,16
GRU,187,2.9195966720581055,2.8698158979415895,0,0.08021390374331551,0.1,Irish,8,Eoin Kelly,Spanish,16
GRU,188,2.7700750827789307,2.841660213470459,0,0.0797872340425532,0.1,Dutch,3,Thomas Meijer,Spanish,16
GRU,189,2.867443084716797,2.851136660575867,0,0.07936507936507936,0.1,Vietnamese,17,Trần Tuấn,Spanish,16
GRU,190,2.9286556243896484,2.8562341213226317,0,0.07894736842105263,0.1,Irish,8,Ciarán Walsh,Spanish,16
GRU,191,3.0189270973205566,2.859877419471741,0,0.07853403141361257,0.1,German,6,Wolfgang Hoffmann,Spanish,16
GRU,192,2.857268810272217,2.8569573163986206,0,0.078125,0.1,Japanese,10,高橋大輔,Spanish,16
GRU,193,2.926393508911133,2.8615317344665527,0,0.07772020725388601,0.1,Irish,8,Eoin McCarthy,Spanish,16
GRU,194,2.8928442001342773,2.8819434881210326,0,0.07731958762886598,0.0,Scottish,15,Ewan Campbell,Spanish,16
GRU,195,2.974018096923828,2.8931198120117188,0,0.07692307692307693,0.0,Chinese,1,李敏,Spanish,16
GRU,196,2.9379162788391113,2.9093138456344603,0,0.07653061224489796,0.0,Portuguese,13,Francisco Pereira,Spanish,16
GRU,197,2.9709010124206543,2.9144442796707155,0,0.07614213197969544,0.0,Chinese,1,王伟,Spanish,16
GRU,198,2.848745346069336,2.922311305999756,0,0.07575757575757576,0.0,Japanese,10,加藤彩,Spanish,16
GRU,199,3.0578551292419434,2.9413525104522704,0,0.07537688442211055,0.0,English,4,Michael Taylor,Spanish,16
GRU,200,2.935784101486206,2.9420653581619263,0,0.075,0.0,Irish,8,Patrick O'Brien,Spanish,16
GRU,201,2.806821584701538,2.9208548069000244,0,0.07462686567164178,0.0,Russian,14,Алексей Соколов,Spanish,16
GRU,202,2.899484157562256,2.9250763416290284,0,0.07425742574257425,0.0,Portuguese,13,Manuel Martins,Spanish,16
GRU,203,2.975362777709961,2.929973268508911,0,0.07389162561576355,0.0,Arabic,0,إبراهيم الخطيب,Spanish,16
GRU,204,2.7718312740325928,2.9178719758987426,0,0.07352941176470588,0.0,Czech,2,Matěj Horák,Spanish,16
GRU,205,3.05873966217041,2.926344132423401,0,0.07317073170731707,0.0,English,4,J.R. Davis,Spanish,16
GRU,206,2.988138198852539,2.9313663244247437,0,0.07281553398058252,0.0,Chinese,1,陈涛,Spanish,16
GRU,207,2.8642630577087402,2.9207025289535524,0,0.07246376811594203,0.0,Vietnamese,17,Trần Quân,Spanish,16
GRU,208,2.914032459259033,2.927231240272522,0,0.07211538461538461,0.0,Portuguese,13,Diogo Santos,Spanish,16
GRU,209,2.9825692176818848,2.919702649116516,0,0.07177033492822966,0.0,Chinese,1,刘霞,Spanish,16
GRU,210,2.876485586166382,2.913772797584534,0,0.07142857142857142,0.0,Korean,11,김서준,Dutch,3
GRU,211,2.8488993644714355,2.9179805755615233,0,0.07109004739336493,0.0,Korean,11,박지호,Spanish,16
GRU,212,2.7584095001220703,2.903873109817505,1,0.07547169811320754,0.1,Greek,7,Μιχάλης Αλεξίου,Greek,7
GRU,213,2.8051204681396484,2.886848878860474,0,0.07511737089201878,0.1,Dutch,3,Thomas van Dijk,Czech,2
GRU,214,2.8591504096984863,2.895580792427063,0,0.07476635514018691,0.1,Vietnamese,17,Huỳnh Đức,Spanish,16
GRU,215,3.0325405597686768,2.8929608821868897,0,0.07441860465116279,0.1,English,4,James Brown,Spanish,16
GRU,216,2.964597225189209,2.8906067848205566,0,0.07407407407407407,0.1,French,5,Étienne Thomas,Spanish,16
GRU,217,2.9686872959136963,2.9010492086410524,0,0.07373271889400922,0.1,Portuguese,13,Miguel Silva,Spanish,16
GRU,218,2.9640841484069824,2.906054377555847,0,0.07339449541284404,0.1,French,5,Georges L'Hôpital,Spanish,16
GRU,219,2.816307783126831,2.889428234100342,0,0.0730593607305936,0.1,Japanese,10,渡辺裕子,Russian,14
GRU,220,2.748253345489502,2.876605010032654,1,0.07727272727272727,0.2,Greek,7,Βασίλειος Δημητρίου,Greek,7
GRU,221,2.9564208984375,2.88735716342926,0,0.07692307692307693,0.2,French,5,J.-P. d'Aubigné,Spanish,16
GRU,222,2.7990734577178955,2.891423559188843,0,0.07657657657657657,0.1,Dutch,3,Sophie van Dijk,Czech,2
GRU,223,2.958754062652588,2.9067869186401367,0,0.07623318385650224,0.1,Chinese,1,黄伟,Spanish,16
GRU,224,2.7422688007354736,2.8950987577438356,1,0.08035714285714286,0.2,Greek,7,Θεόδωρος Γεωργίου,Greek,7
GRU,225,2.801344871520996,2.8719791889190676,0,0.08,0.2,Russian,14,Евгений Кузнецов,Greek,7
GRU,226,2.8976352214813232,2.865282988548279,0,0.07964601769911504,0.2,Italian,9,Vincenzo Ferrari,Spanish,16
GRU,227,2.767890453338623,2.8452033042907714,0,0.07929515418502203,0.2,Greek,7,Παναγιώτης Παπαδόπουλος,Spanish,16
GRU,228,3.005910873413086,2.849385976791382,0,0.07894736842105263,0.2,German,6,Klaus Meyer,Spanish,16
GRU,229,2.7796216011047363,2.845717358589172,0,0.07860262008733625,0.2,Japanese,10,田中陽子,Spanish,16
GRU,230,2.795210599899292,2.8504130840301514,0,0.0782608695652174,0.1,Czech,2,Štěpán Němec,Spanish,16
GRU,231,2.952948570251465,2.8500658512115478,0,0.07792207792207792,0.1,Irish,8,Eoin O'Sullivan,Spanish,16
GRU,232,2.73311448097229,2.8434699535369874,1,0.08189655172413793,0.2,Spanish,16,Carlos Martínez,Spanish,16
GRU,233,2.860795259475708,2.8336740732192993,0,0.0815450643776824,0.2,Vietnamese,17,Hoàng Đức,Spanish,16
GRU,234,2.9759774208068848,2.8570449352264404,0,0.0811965811965812,0.1,Arabic,0,عبدالله الخطيب,Spanish,16
GRU,235,2.9331209659576416,2.870222544670105,0,0.08085106382978724,0.1,Irish,8,Declan O'Brien,Spanish,16
GRU,236,2.911303997039795,2.871589422225952,0,0.08050847457627118,0.1,Irish,8,Eoin Murphy,Spanish,16
GRU,237,2.7893714904785156,2.8737375259399416,0,0.08016877637130802,0.1,Dutch,3,Joris Visser,Spanish,16
GRU,238,2.9263298511505127,2.865779423713684,0,0.07983193277310924,0.1,Portuguese,13,Jorge Oliveira,Spanish,16
GRU,239,2.788785219192505,2.866695785522461,0,0.0794979079497908,0.1,Japanese,10,渡辺陽子,Russian,14
GRU,240,2.7210769653320312,2.8592824220657347,1,0.08333333333333333,0.2,Spanish,16,Jorge Fernández,Spanish,16
GRU,241,3.0714380741119385,2.8711313724517824,0,0.08298755186721991,0.2,Polish,12,Marcin Zieliński,Spanish,16
GRU,242,3.020190954208374,2.8998390197753907,0,0.08264462809917356,0.1,German,6,Dieter Fischer,Spanish,16
GRU,243,2.9378857612609863,2.9075480699539185,0,0.0823045267489712,0.1,Chinese,1,周芳,Spanish,16
GRU,244,2.9588356018066406,2.905833888053894,0,0.08196721311475409,0.1,Portuguese,13,João Silva,Spanish,16
GRU,245,2.7197046279907227,2.8844922542572022,1,0.08571428571428572,0.2,Spanish,16,Rafael Sánchez,Spanish,16
GRU,246,2.9800047874450684,2.8913623332977294,0,0.08536585365853659,0.2,German,6,Johannes Weber,Spanish,16
GRU,247,2.9498438835144043,2.9074095726013183,0,0.08502024291497975,0.2,Portuguese,13,Filipe Silva,Spanish,16
GRU,248,2.7896604537963867,2.893742632865906,0,0.0846774193548387,0.2,Japanese,10,中村さくら,Greek,7
GRU,249,2.8532395362854004,2.9001880645751954,0,0.08433734939759036,0.2,Japanese,10,小林美咲,Spanish,16
GRU,250,2.7676069736480713,2.9048410654067993,0,0.084,0.1,Dutch,3,Johan Meijer,Spanish,16
GRU,251,2.894912004470825,2.887188458442688,0,0.08366533864541832,0.1,Italian,9,Giovanni Colombo,Spanish,16
GRU,252,2.8746464252471924,2.87263400554657,0,0.08333333333333333,0.1,Italian,9,Lorenzo Marino,Spanish,16
GRU,253,2.9031729698181152,2.8691627264022825,0,0.08300395256916997,0.1,Portuguese,13,Manuel Oliveira,Spanish,16
GRU,254,3.0724587440490723,2.8805250406265257,0,0.08267716535433071,0.1,Polish,12,Zbigniew Szymański,Spanish,16
GRU,255,2.87882924079895,2.8964375019073487,0,0.08235294117647059,0.0,Italian,9,Andrea Ricci,Spanish,16
GRU,256,3.0710389614105225,2.905540919303894,0,0.08203125,0.0,English,4,Charles Williams,Spanish,16
GRU,257,2.8665707111358643,2.89721360206604,0,0.08171206225680934,0.0,Portuguese,13,Francisco Jesus,Spanish,16
GRU,258,3.064180374145508,2.924665594100952,0,0.08139534883720931,0.0,Polish,12,Adam Szymański,Spanish,16
GRU,259,2.9571692943573,2.935058569908142,0,0.08108108108108109,0.0,French,5,Pierre Dubois,Spanish,16
GRU,260,2.8685293197631836,2.9451508045196535,0,0.08076923076923077,0.0,Italian,9,Carlo Romano,Spanish,16
GRU,261,2.872453451156616,2.9429049491882324,0,0.08045977011494253,0.0,Vietnamese,17,Nguyễn Anh,Spanish,16
GRU,262,2.8497252464294434,2.9404128313064577,0,0.08015267175572519,0.0,Italian,9,Matteo Esposito,Spanish,16
GRU,263,2.9907851219177246,2.9491740465164185,0,0.07984790874524715,0.0,German,6,Christian Meyer,Spanish,16
GRU,264,2.77889347076416,2.9198175191879274,0,0.07954545454545454,0.0,Japanese,10,渡辺さくら,Greek,7
GRU,265,2.8243072032928467,2.914365315437317,0,0.07924528301886792,0.0,Russian,14,Михаил Попов,Spanish,16
GRU,266,2.977837562561035,2.905045175552368,0,0.07894736842105263,0.0,German,6,Christian Wagner,Spanish,16
GRU,267,2.957822561264038,2.9141703605651856,0,0.07865168539325842,0.0,Scottish,15,Hamish Robertson,Spanish,16
GRU,268,2.957258462905884,2.903478169441223,0,0.07835820895522388,0.0,French,5,Georges d'Aubigné,Spanish,16
GRU,269,2.7937865257263184,2.887139892578125,0,0.07806691449814127,0.0,Czech,2,David Dvořák,Spanish,16
GRU,270,2.739488363265991,2.8742357969284056,1,0.08148148148148149,0.1,Spanish,16,Jorge Gómez,Spanish,16
GRU,271,2.7763705253601074,2.864627504348755,0,0.08118081180811808,0.1,Japanese,10,鈴木直子,Spanish,16
GRU,272,2.750279426574707,2.8546829223632812,1,0.08455882352941177,0.2,Greek,7,Σπυρίδων Αλεξίου,Greek,7
GRU,273,2.8645436763763428,2.842058777809143,0,0.08424908424908426,0.2,Italian,9,Stefano Ferrari,Spanish,16
GRU,274,2.9806301593780518,2.8622324466705322,0,0.08394160583941605,0.2,German,6,Felix Schmidt,Spanish,16
GRU,275,2.9876887798309326,2.8785706043243406,0,0.08363636363636363,0.2,Arabic,0,طارق الحداد,Spanish,16
GRU,276,2.7252018451690674,2.853307032585144,1,0.08695652173913043,0.3,Greek,7,Δημήτριος Κωνσταντίνου,Greek,7
GRU,277,2.7619526386260986,2.8337200403213503,0,0.08664259927797834,0.3,Czech,2,Matěj Procházka,Spanish,16
GRU,278,2.8678600788116455,2.8247802019119264,0,0.08633093525179857,0.3,Portuguese,13,José Jesus,Spanish,16
GRU,279,2.9902899265289307,2.8444305419921876,0,0.08602150537634409,0.3,German,6,Wolfgang Hoffmann,Spanish,16
GRU,280,3.0677146911621094,2.8772531747817993,0,0.08571428571428572,0.2,Polish,12,Michał Lewandowski,Spanish,16
GRU,281,3.0463380813598633,2.904249930381775,0,0.08540925266903915,0.2,Polish,12,Andrzej Wójcik,Spanish,16
GRU,282,3.0569663047790527,2.9349186182022096,0,0.0851063829787234,0.1,English,4,Joseph Taylor,Spanish,16
GRU,283,3.0165953636169434,2.9501237869262695,0,0.08480565371024736,0.1,Arabic,0,كريم القحطاني,Spanish,16
GRU,284,2.7738733291625977,2.929448103904724,0,0.08450704225352113,0.1,Dutch,3,Lotte Meijer,Spanish,16
GRU,285,2.8820109367370605,2.918880319595337,0,0.08421052631578947,0.1,Portuguese,13,Bruno Ferreira,Spanish,16
GRU,286,2.954394817352295,2.9417996168136598,0,0.08391608391608392,0.0,French,5,Jean-Luc d'Aubigné,Spanish,16
GRU,287,2.7239227294921875,2.9379966259002686,1,0.08710801393728224,0.1,Spanish,16,Sergio Martínez,Spanish,16
GRU,288,2.9870431423187256,2.9499149322509766,0,0.08680555555555555,0.1,Chinese,1,赵娜,Greek,7
GRU,289,2.783781051635742,2.929264044761658,0,0.08650519031141868,0.1,Greek,7,Θεόδωρος Παπαδάκης,Spanish,16
GRU,290,2.8202810287475586,2.9045206785202025,0,0.08620689655172414,0.1,Russian,14,Николай Петров,Spanish,16
GRU,291,2.8089683055877686,2.880783700942993,0,0.0859106529209622,0.1,Russian,14,Иван Михайлов,Spanish,16
GRU,292,2.717306613922119,2.8468177318573,1,0.08904109589041095,0.2,Spanish,16,Daniel Pérez,Spanish,16
GRU,293,2.780111789703369,2.8231693744659423,0,0.08873720136518772,0.2,Japanese,10,加藤京子,Spanish,16
GRU,294,2.80393123626709,2.826175165176392,0,0.08843537414965986,0.2,Russian,14,Павел Соколов,Spanish,16
GRU,295,2.7070717811584473,2.8086812496185303,1,0.09152542372881356,0.3,Spanish,16,Jorge Martínez,Spanish,16
GRU,296,2.887413740158081,2.801983141899109,0,0.09121621621621621,0.3,Vietnamese,17,Huỳnh Nam,Spanish,16
GRU,297,2.953566312789917,2.8249475002288817,0,0.09090909090909091,0.2,French,5,Jules L'Hôpital,Spanish,16
GRU,298,2.95175838470459,2.821419024467468,0,0.09060402684563758,0.2,Scottish,15,Rory Murray,Spanish,16
GRU,299,2.926837921142578,2.835724711418152,0,0.0903010033444816,0.2,Irish,8,Ciarán Kennedy,Spanish,16
GRU,300,2.7352793216705322,2.827224540710449,1,0.09333333333333334,0.3,Greek,7,Νικόλαος Αλεξίου,Greek,7
